Name,Age,GPA,Credits Completted,Year,Pathway
Sarah Smith,17,2.65,58,Junior,Business
Ryleigh Garcia,16,4.08,26,Senior,Engineering
Landon Martin,16,3.53,23,Sophomore,Early Childhood Education
Ryleigh Lopez,17,2.75,24,Victory Lap,Marketing
Kamryn Miller,14,2.21,41,Junior,Engineering
Nick Jones,16,3.32,25,Sophomore,Engineering
Ethan Moore,17,1.25,19,Junior,Business
Adam Martinez,17,3.31,12,Senior,Business
Landon Taylor,15,4.42,5,Junior,Culinary
Adam Miller,19,3.88,60,Senior,Marketing
Aiden Davis,17,1.78,19,Sophomore,Culinary
Abby Lopez,18,2.31,7,Freshman,Early College
John Johnson,16,1.99,33,Senior,Culinary
Aiden Anderson,14,0.37,9,Sophomore,Early Childhood Education
Emily Garcia,15,1.39,51,Sophomore,Computer Science
Sarah Martinez,19,3.12,50,Junior,Early College
Jocelyn Johnson,18,2.8,54,Junior,Criminal Justice
Abby Jones,15,4.39,46,Victory Lap,Early College
Landon Martinez,17,3.62,25,Sophomore,Marketing
Ryleigh Williams,19,2.48,23,Sophomore,Biomed
Steve Moore,18,2.68,24,Freshman,Criminal Justice
Jenna Smith,16,3.17,60,Sophomore,Biomed
Greyson Anderson,18,0.88,33,Junior,Computer Science
Eli Taylor,18,1.87,51,Senior,Business
Landon Thomas,15,1.52,55,Victory Lap,Computer Science
Sarah Taylor,14,0.92,29,Freshman,Early College
Sarah Martinez,15,3.6,29,Senior,Early College
Abby Anderson,15,4.14,36,Freshman,Early College
Steve Anderson,16,0.64,26,Junior,Engineering
Landon Miller,14,2.48,50,Sophomore,Early Childhood Education
Jenna Smith,14,1.22,39,Senior,Criminal Justice
Greyson Jones,14,0.92,3,Senior,Business
Jocelyn Miller,19,3.53,58,Senior,Early Childhood Education
Kamryn Davis,14,2.29,47,Sophomore,Engineering
Jocelyn Lopez,19,1.71,54,Sophomore,Biomed
Jacob Martin,17,1.87,18,Senior,Engineering
Greyson Garcia,14,0.79,5,Junior,Culinary
Emily Jones,15,0.93,34,Freshman,Engineering
Abby Johnson,16,2.74,24,Junior,Early College
Abby Johnson,16,3.02,51,Sophomore,Culinary
Steve Brown,18,1.08,34,Sophomore,Marketing
Jacob Moore,19,4.3,10,Victory Lap,Culinary
Ryleigh Martin,19,2.96,7,Sophomore,Engineering
Ryleigh Thomas,15,1.3,21,Junior,Early College
Emily Williams,19,2.2,15,Senior,Marketing
Abby Johnson,16,4.47,39,Sophomore,Engineering
John Smith,19,0.86,43,Senior,Marketing
Jocelyn Davis,17,0.81,25,Senior,Culinary
Jenna Davis,19,0.49,26,Junior,Biomed
Nick Moore,17,1.27,0,Victory Lap,Early Childhood Education
Jenna Lopez,18,2.65,57,Freshman,Culinary
Ava Jones,19,3.04,33,Victory Lap,Culinary
Eli Garcia,18,1.28,3,Junior,Early College
Ryleigh Williams,14,3.87,47,Senior,Business
Ava Martin,16,2.91,44,Sophomore,Culinary
Sarah Lopez,17,1.81,53,Sophomore,Culinary
John Taylor,14,0.48,1,Senior,Computer Science
Adam Brown,14,4.03,16,Victory Lap,Biomed
Eli Jones,19,4.47,22,Victory Lap,Early Childhood Education
Nick Martin,15,0.86,15,Victory Lap,Computer Science
Jenna Williams,16,0.97,43,Senior,Marketing
Emily Taylor,19,2.95,50,Freshman,Engineering
Ethan Smith,14,1.75,16,Senior,Marketing
Ava Martin,16,2.75,21,Junior,Biomed
Adam Davis,14,3.45,3,Freshman,Early College
Abby Garcia,17,1.92,49,Sophomore,Engineering
Emily Martin,19,3.39,51,Freshman,Computer Science
John Martin,19,0.46,13,Sophomore,Early College
Jocelyn Johnson,17,2.1,15,Junior,Early College
John Williams,16,4.02,56,Sophomore,Early Childhood Education
Jenna Brown,15,2.72,26,Victory Lap,Engineering
Steve Martin,16,4.45,33,Junior,Engineering
Jocelyn Anderson,19,3.48,37,Senior,Marketing
Landon Moore,18,1.83,28,Senior,Computer Science
Ethan Miller,14,4.19,16,Junior,Culinary
Abby Williams,18,4.24,60,Freshman,Computer Science
Steve Brown,15,2.99,13,Sophomore,Early Childhood Education
John Thomas,14,3.32,47,Junior,Computer Science
Abby Martin,14,1.85,4,Senior,Marketing
Nick Brown,14,2.25,2,Senior,Marketing
Jacob Brown,16,1.81,6,Junior,Criminal Justice
Jenna Smith,18,2.93,39,Junior,Business
John Smith,19,3.16,59,Junior,Culinary
Eli Miller,15,1.35,50,Victory Lap,Computer Science
Abby Martinez,16,2.95,42,Sophomore,Early Childhood Education
Ethan Miller,14,2.48,36,Freshman,Criminal Justice
Landon Thomas,19,1.76,30,Sophomore,Culinary
Steve Smith,19,2.93,27,Victory Lap,Culinary
Adam Smith,18,3.66,42,Junior,Engineering
Jacob Brown,17,4.46,14,Senior,Engineering
Ryleigh Taylor,15,3.18,33,Sophomore,Business
Greyson Jones,15,2.45,52,Freshman,Criminal Justice
Emily Johnson,16,3.4,23,Senior,Early Childhood Education
Abby Lopez,16,0.56,15,Sophomore,Criminal Justice
John Garcia,16,3.53,25,Senior,Culinary
Emily Martin,16,3.32,34,Freshman,Marketing
Landon Garcia,16,3.68,10,Freshman,Business
Ethan Williams,19,0.83,0,Victory Lap,Criminal Justice
Adam Martin,17,0.85,42,Victory Lap,Business
Steve Williams,14,2.38,57,Victory Lap,Early College
Kamryn Martin,15,1.54,10,Sophomore,Computer Science
John Williams,14,1.13,55,Sophomore,Early College
Jocelyn Anderson,15,4.48,46,Freshman,Early College
Emily Thomas,18,0.95,52,Senior,Marketing
Jacob Thomas,17,2.94,59,Freshman,Biomed
Nick Williams,17,4.01,58,Senior,Engineering
Eli Martin,16,3.7,19,Senior,Culinary
Landon Martinez,16,1.86,9,Senior,Early College
Ryleigh Johnson,15,0.39,50,Junior,Computer Science
Eli Brown,18,2.79,9,Victory Lap,Business
Sarah Smith,15,1.61,54,Freshman,Engineering
Steve Miller,17,4.49,39,Freshman,Computer Science
Sarah Thomas,16,3.0,17,Victory Lap,Criminal Justice
Ryleigh Taylor,15,4.15,20,Sophomore,Early College
Emily Brown,18,4.07,49,Senior,Early College
Ava Martin,15,2.48,8,Senior,Marketing
Steve Moore,19,3.99,25,Freshman,Criminal Justice
Abby Anderson,16,3.23,47,Freshman,Engineering
John Davis,16,3.63,11,Freshman,Early College
Ryleigh Lopez,15,0.78,59,Junior,Biomed
Jenna Jones,15,0.72,26,Freshman,Marketing
Landon Thomas,16,2.6,10,Victory Lap,Business
Jenna Johnson,15,0.41,4,Victory Lap,Early Childhood Education
Abby Davis,19,1.03,6,Freshman,Engineering
Nick Moore,15,3.98,58,Junior,Culinary
Sarah Jones,18,2.02,52,Victory Lap,Criminal Justice
Emily Thomas,17,2.5,37,Senior,Culinary
Aiden Anderson,16,0.4,32,Junior,Early Childhood Education
Greyson Martin,18,2.95,0,Victory Lap,Engineering
Kamryn Moore,18,4.44,30,Sophomore,Biomed
Steve Thomas,19,3.97,12,Junior,Engineering
Eli Taylor,14,3.71,46,Victory Lap,Computer Science
Aiden Martin,16,3.59,42,Sophomore,Business
Abby Martin,19,1.46,15,Victory Lap,Computer Science
Steve Thomas,17,1.25,3,Sophomore,Early College
Landon Brown,15,2.94,31,Victory Lap,Marketing
Eli Garcia,16,3.51,54,Senior,Culinary
Landon Johnson,18,0.77,36,Freshman,Computer Science
Ryleigh Garcia,18,1.22,56,Senior,Engineering
John Jones,17,2.46,21,Sophomore,Early Childhood Education
Steve Williams,17,1.88,3,Freshman,Early Childhood Education
Ethan Johnson,16,2.02,34,Freshman,Computer Science
Sarah Thomas,17,0.95,50,Freshman,Engineering
Greyson Lopez,17,2.2,50,Junior,Early Childhood Education
Greyson Anderson,17,1.09,25,Senior,Engineering
Ryleigh Thomas,17,2.01,56,Victory Lap,Computer Science
Aiden Johnson,19,0.91,36,Freshman,Computer Science
Nick Garcia,15,2.15,57,Senior,Biomed
Aiden Martinez,18,0.84,12,Victory Lap,Criminal Justice
Jocelyn Garcia,19,1.59,16,Victory Lap,Biomed
Aiden Jones,14,3.6,31,Victory Lap,Criminal Justice
Aiden Miller,19,3.28,32,Victory Lap,Early College
Jocelyn Lopez,16,1.65,39,Junior,Biomed
Emily Jones,16,0.6,48,Victory Lap,Early College
Sarah Garcia,16,2.5,55,Victory Lap,Engineering
Ava Martin,17,2.7,18,Sophomore,Early College
Jocelyn Jones,16,0.49,48,Freshman,Culinary
Jacob Brown,14,3.96,55,Sophomore,Business
Jenna Smith,19,2.97,57,Sophomore,Early Childhood Education
Adam Lopez,17,0.75,18,Junior,Business
Jacob Brown,17,2.34,44,Senior,Criminal Justice
Jenna Garcia,19,2.82,26,Junior,Engineering
Abby Garcia,16,2.72,36,Junior,Business
Jocelyn Brown,19,3.47,35,Sophomore,Marketing
Sarah Lopez,19,0.74,36,Freshman,Computer Science
Greyson Jones,19,0.44,32,Freshman,Business
Abby Taylor,18,1.61,50,Senior,Engineering
Kamryn Davis,17,2.05,28,Junior,Biomed
Jacob Garcia,16,1.34,23,Senior,Computer Science
Jenna Moore,15,2.85,36,Sophomore,Early Childhood Education
Landon Martin,15,2.03,33,Victory Lap,Engineering
Sarah Brown,15,3.69,0,Sophomore,Marketing
Emily Moore,14,2.56,51,Senior,Biomed
Adam Johnson,19,2.24,45,Victory Lap,Biomed
Ava Johnson,15,1.32,39,Sophomore,Criminal Justice
Adam Martinez,14,3.48,55,Victory Lap,Biomed
Landon Moore,19,1.22,25,Victory Lap,Computer Science
John Miller,14,2.9,15,Junior,Culinary
Eli Lopez,15,2.39,32,Senior,Marketing
Abby Johnson,19,3.55,17,Sophomore,Culinary
Jocelyn Thomas,15,2.22,6,Freshman,Engineering
Jenna Moore,19,1.43,26,Victory Lap,Culinary
Ethan Davis,19,2.84,33,Sophomore,Business
Sarah Jones,16,0.74,58,Sophomore,Early College
Eli Martin,14,2.28,19,Victory Lap,Engineering
John Martinez,18,0.54,39,Freshman,Early Childhood Education
Jenna Smith,14,0.46,15,Freshman,Engineering
Ava Miller,17,2.49,58,Junior,Criminal Justice
Greyson Garcia,18,1.61,18,Victory Lap,Culinary
Steve Anderson,15,0.87,45,Victory Lap,Biomed
Jenna Taylor,15,0.38,40,Victory Lap,Criminal Justice
Jacob Johnson,19,1.08,32,Victory Lap,Engineering
Sarah Jones,14,2.62,7,Victory Lap,Marketing
Jacob Thomas,14,4.19,2,Sophomore,Criminal Justice
Ava Anderson,17,4.37,14,Victory Lap,Marketing
Steve Brown,14,2.35,31,Senior,Criminal Justice
John Brown,18,3.25,37,Sophomore,Early Childhood Education
Ryleigh Davis,19,0.61,41,Victory Lap,Business
Ava Moore,14,1.55,39,Sophomore,Criminal Justice
Ethan Thomas,17,0.71,42,Senior,Computer Science
Ethan Jones,16,3.86,26,Junior,Business
Adam Lopez,15,1.14,11,Junior,Early Childhood Education
Aiden Martinez,14,1.26,46,Sophomore,Business
Nick Davis,18,0.56,24,Victory Lap,Culinary
Jocelyn Williams,15,2.77,48,Junior,Culinary
Landon Moore,17,2.07,32,Victory Lap,Criminal Justice
John Anderson,16,1.84,58,Senior,Criminal Justice
Eli Johnson,17,1.7,18,Senior,Marketing
Ethan Thomas,14,2.07,29,Senior,Engineering
Jacob Martin,15,4.3,20,Senior,Marketing
Jenna Martin,19,3.43,51,Victory Lap,Early College
Aiden Martin,19,4.08,52,Victory Lap,Engineering
Nick Williams,15,2.85,17,Junior,Marketing
Steve Brown,15,3.82,8,Freshman,Marketing
Ava Thomas,17,1.51,16,Freshman,Early Childhood Education
Landon Williams,19,1.03,14,Sophomore,Marketing
Landon Lopez,14,2.55,45,Sophomore,Marketing
Ryleigh Williams,18,4.31,50,Junior,Criminal Justice
Aiden Taylor,16,1.11,60,Sophomore,Biomed
Sarah Smith,16,2.63,31,Freshman,Computer Science
Aiden Anderson,15,3.75,13,Junior,Engineering
John Smith,18,2.48,49,Junior,Culinary
Jenna Thomas,16,3.45,40,Sophomore,Marketing
Steve Moore,15,2.17,27,Victory Lap,Business
Ava Johnson,18,4.1,58,Senior,Early College
Emily Brown,15,4.28,57,Freshman,Criminal Justice
Jocelyn Brown,19,4.3,21,Sophomore,Early Childhood Education
Kamryn Davis,14,1.79,59,Freshman,Biomed
Abby Jones,18,3.66,52,Senior,Computer Science
Kamryn Garcia,17,1.27,56,Junior,Marketing
Sarah Miller,18,3.93,24,Victory Lap,Engineering
Nick Taylor,17,4.26,56,Freshman,Early College
Emily Martin,14,2.17,39,Junior,Early Childhood Education
Ava Davis,14,2.46,57,Victory Lap,Biomed
Sarah Williams,15,2.94,22,Freshman,Marketing
Eli Martinez,15,3.95,6,Freshman,Criminal Justice
Aiden Brown,19,3.58,13,Sophomore,Criminal Justice
Nick Martinez,14,2.73,48,Victory Lap,Business
Aiden Lopez,15,2.5,30,Senior,Business
Jenna Davis,19,2.42,7,Senior,Engineering
Ethan Lopez,17,4.14,10,Victory Lap,Business
John Taylor,14,1.59,43,Junior,Marketing
Jocelyn Brown,16,2.53,50,Senior,Early College
Sarah Lopez,19,1.49,4,Freshman,Biomed
Sarah Garcia,18,1.57,49,Senior,Culinary
Abby Smith,16,3.88,8,Junior,Marketing
Nick Lopez,15,0.67,5,Sophomore,Biomed
Adam Jones,17,0.93,34,Victory Lap,Criminal Justice
Jocelyn Martin,17,2.17,48,Victory Lap,Marketing
Greyson Taylor,14,3.8,34,Sophomore,Criminal Justice
Adam Lopez,16,1.23,9,Junior,Early College
Adam Miller,18,3.4,31,Freshman,Engineering
Sarah Taylor,16,4.05,21,Freshman,Marketing
Ava Anderson,17,0.47,5,Junior,Criminal Justice
Nick Taylor,16,1.62,44,Freshman,Computer Science
Nick Davis,18,1.25,43,Sophomore,Criminal Justice
Ryleigh Brown,15,3.73,60,Victory Lap,Marketing
Aiden Garcia,17,1.26,27,Junior,Biomed
Ethan Anderson,19,1.36,30,Freshman,Engineering
Kamryn Jones,16,2.08,21,Victory Lap,Biomed
Emily Lopez,16,2.58,15,Junior,Computer Science
Ava Martinez,14,0.75,19,Freshman,Early Childhood Education
Ethan Martin,15,1.41,60,Freshman,Early College
Jacob Anderson,18,1.86,16,Senior,Biomed
Emily Anderson,19,1.81,35,Senior,Criminal Justice
Nick Lopez,14,2.73,36,Freshman,Early College
Greyson Johnson,18,1.01,43,Senior,Culinary
Steve Lopez,17,4.26,17,Freshman,Engineering
Eli Smith,18,2.99,28,Victory Lap,Engineering
Jacob Johnson,19,0.76,12,Junior,Biomed
Abby Thomas,17,1.03,23,Victory Lap,Business
Greyson Lopez,15,1.87,29,Sophomore,Criminal Justice
Jacob Smith,14,1.76,39,Junior,Computer Science
Kamryn Jones,16,3.26,7,Sophomore,Business
Abby Thomas,16,1.29,6,Victory Lap,Biomed
Emily Taylor,19,2.7,2,Junior,Marketing
Sarah Martinez,17,0.95,2,Freshman,Marketing
Nick Jones,14,1.65,8,Sophomore,Biomed
Jocelyn Williams,14,0.99,10,Junior,Early Childhood Education
Sarah Thomas,15,3.21,48,Senior,Criminal Justice
John Davis,19,3.46,20,Junior,Criminal Justice
Aiden Lopez,19,4.49,15,Junior,Criminal Justice
John Taylor,19,3.26,46,Senior,Biomed
Eli Garcia,18,2.69,58,Junior,Early Childhood Education
Greyson Jones,19,2.66,24,Junior,Business
Sarah Brown,14,0.98,56,Senior,Computer Science
Ethan Jones,18,3.19,28,Sophomore,Computer Science
Emily Davis,18,1.66,27,Sophomore,Marketing
Greyson Garcia,19,3.07,27,Senior,Early College
Kamryn Moore,15,3.5,28,Victory Lap,Early Childhood Education
Ethan Anderson,15,1.06,50,Freshman,Engineering
John Miller,18,0.68,17,Senior,Early Childhood Education
Jocelyn Williams,16,2.38,12,Junior,Biomed
Abby Smith,16,1.27,38,Junior,Early Childhood Education
Sarah Miller,15,3.76,28,Sophomore,Computer Science
Abby Jones,18,0.48,7,Senior,Early Childhood Education
Ava Davis,16,3.99,46,Sophomore,Culinary
Ethan Williams,14,1.5,56,Victory Lap,Early College
Kamryn Smith,15,1.26,20,Senior,Early Childhood Education
Sarah Miller,15,3.81,43,Victory Lap,Culinary
Sarah Anderson,15,2.32,50,Junior,Computer Science
Jocelyn Miller,16,3.1,27,Victory Lap,Business
Ava Martin,14,3.11,16,Junior,Early Childhood Education
Jocelyn Jones,14,2.17,8,Junior,Early College
Adam Moore,17,0.45,44,Victory Lap,Computer Science
Sarah Johnson,16,3.3,32,Freshman,Engineering
Ryleigh Lopez,15,3.05,54,Freshman,Early Childhood Education
Jacob Williams,19,3.02,50,Victory Lap,Early Childhood Education
Steve Johnson,16,4.17,50,Freshman,Biomed
Jenna Johnson,17,0.71,56,Freshman,Computer Science
Jenna Taylor,16,3.21,16,Junior,Culinary
Jocelyn Martin,17,1.89,10,Freshman,Biomed
John Moore,15,2.95,22,Senior,Culinary
John Anderson,17,3.17,35,Freshman,Computer Science
Jocelyn Anderson,15,1.97,45,Freshman,Early College
Jocelyn Taylor,15,0.43,46,Sophomore,Culinary
Ava Johnson,15,2.03,50,Sophomore,Early Childhood Education
Emily Taylor,19,2.9,55,Senior,Marketing
John Martinez,14,4.48,47,Victory Lap,Biomed
Greyson Anderson,15,0.41,28,Junior,Culinary
Ryleigh Anderson,15,0.61,47,Junior,Computer Science
Jenna Smith,16,1.83,40,Senior,Culinary
Ryleigh Davis,18,1.55,30,Freshman,Biomed
Eli Jones,14,0.67,5,Freshman,Early Childhood Education
Jocelyn Garcia,16,0.39,28,Junior,Culinary
Ethan Thomas,18,3.69,59,Victory Lap,Biomed
John Martin,16,1.23,3,Sophomore,Business
Jocelyn Lopez,16,3.89,18,Sophomore,Biomed
Kamryn Davis,15,4.49,57,Victory Lap,Criminal Justice
Jocelyn Davis,18,2.1,51,Junior,Culinary
Aiden Anderson,16,3.57,33,Freshman,Criminal Justice
Steve Anderson,15,3.83,40,Senior,Criminal Justice
Nick Smith,16,3.53,60,Freshman,Computer Science
Ryleigh Thomas,15,3.98,27,Senior,Criminal Justice
Nick Martinez,15,3.25,34,Sophomore,Early College
Ava Williams,14,4.19,0,Sophomore,Business
Landon Anderson,14,2.9,5,Senior,Criminal Justice
Sarah Taylor,18,1.54,59,Junior,Early Childhood Education
Greyson Garcia,14,2.15,59,Junior,Criminal Justice
Eli Taylor,16,1.97,58,Victory Lap,Engineering
Emily Martinez,19,3.49,48,Senior,Biomed
Landon Jones,15,0.81,58,Freshman,Early Childhood Education
Sarah Jones,19,1.52,30,Junior,Early College
Nick Moore,16,0.34,31,Victory Lap,Early Childhood Education
Jocelyn Johnson,16,3.41,56,Senior,Criminal Justice
Greyson Anderson,18,4.35,34,Sophomore,Culinary
Ava Lopez,15,3.85,28,Senior,Computer Science
Ethan Garcia,15,4.43,40,Sophomore,Marketing
Aiden Lopez,14,2.58,57,Sophomore,Biomed
Landon Lopez,17,2.91,56,Senior,Criminal Justice
Jenna Anderson,15,1.05,3,Junior,Culinary
Eli Martinez,14,0.67,11,Victory Lap,Biomed
Sarah Smith,14,2.55,44,Sophomore,Early Childhood Education
Aiden Williams,19,3.83,39,Sophomore,Biomed
Adam Thomas,15,3.72,39,Senior,Biomed
Jocelyn Lopez,15,2.43,9,Victory Lap,Business
Ava Williams,17,3.71,45,Senior,Marketing
Ethan Johnson,16,0.58,15,Senior,Early College
Jenna Taylor,14,2.66,5,Sophomore,Culinary
Eli Davis,19,1.26,14,Victory Lap,Early College
Sarah Jones,19,3.37,59,Victory Lap,Early Childhood Education
Landon Martin,14,0.76,43,Junior,Culinary
Jocelyn Jones,18,3.22,37,Victory Lap,Business
Jocelyn Garcia,19,3.79,20,Senior,Criminal Justice
Greyson Davis,18,4.37,37,Freshman,Business
Emily Davis,18,3.75,3,Victory Lap,Criminal Justice
Kamryn Thomas,15,0.53,6,Sophomore,Engineering
Jacob Brown,19,1.33,39,Junior,Culinary
Jacob Anderson,19,0.37,36,Freshman,Marketing
Steve Davis,18,3.31,35,Sophomore,Computer Science
Nick Johnson,19,1.99,10,Junior,Marketing
Jenna Jones,18,2.14,50,Sophomore,Marketing
Nick Moore,14,0.92,37,Senior,Early College
Ethan Lopez,15,3.37,8,Freshman,Computer Science
Aiden Garcia,17,2.85,12,Senior,Early College
Ava Brown,17,0.67,26,Junior,Early College
Adam Davis,18,3.19,15,Senior,Business
John Lopez,16,3.11,45,Senior,Early Childhood Education
Jocelyn Martin,17,2.42,28,Senior,Computer Science
Ryleigh Moore,16,1.54,20,Freshman,Computer Science
Aiden Miller,19,3.24,48,Senior,Criminal Justice
John Jones,15,0.57,30,Victory Lap,Computer Science
Greyson Moore,17,4.08,50,Junior,Early Childhood Education
Jocelyn Williams,17,3.12,28,Freshman,Biomed
Greyson Williams,14,2.77,47,Senior,Biomed
Adam Davis,17,0.95,24,Freshman,Computer Science
Ava Taylor,18,3.35,52,Freshman,Computer Science
Jenna Jones,15,3.96,29,Freshman,Marketing
Sarah Thomas,18,3.17,21,Sophomore,Computer Science
Kamryn Williams,17,4.09,3,Sophomore,Engineering
Jenna Davis,14,2.49,22,Sophomore,Computer Science
Landon Davis,17,1.44,14,Junior,Culinary
Abby Garcia,15,0.81,12,Senior,Criminal Justice
Abby Taylor,17,4.23,42,Junior,Computer Science
Aiden Brown,14,4.17,36,Sophomore,Business
Ryleigh Moore,17,0.81,26,Senior,Culinary
John Jones,16,2.63,12,Junior,Marketing
Emily Smith,15,3.95,29,Junior,Marketing
Jenna Williams,15,0.95,1,Freshman,Business
Kamryn Lopez,14,2.12,28,Sophomore,Biomed
Jacob Johnson,19,1.76,10,Victory Lap,Early Childhood Education
Sarah Taylor,16,1.27,44,Victory Lap,Early College
John Garcia,16,2.24,44,Freshman,Biomed
Nick Thomas,14,3.26,13,Sophomore,Biomed
Nick Brown,19,4.18,4,Senior,Business
Eli Brown,19,2.56,19,Victory Lap,Biomed
Jenna Martinez,16,2.99,7,Sophomore,Computer Science
Jocelyn Moore,17,1.56,28,Freshman,Early Childhood Education
Greyson Martin,16,4.38,40,Junior,Biomed
John Miller,18,4.48,47,Junior,Engineering
Emily Brown,14,3.32,41,Junior,Computer Science
John Taylor,15,3.17,27,Freshman,Culinary
Kamryn Smith,15,0.52,39,Senior,Computer Science
Abby Lopez,14,0.82,47,Junior,Computer Science
Greyson Johnson,17,2.59,31,Senior,Engineering
Steve Anderson,16,2.33,9,Sophomore,Computer Science
Jacob Johnson,19,0.5,33,Victory Lap,Biomed
Adam Thomas,19,0.7,15,Senior,Marketing
Abby Taylor,16,2.21,50,Victory Lap,Biomed
Steve Johnson,19,1.94,47,Sophomore,Criminal Justice
Jenna Thomas,16,2.56,7,Freshman,Biomed
Sarah Lopez,17,0.6,4,Victory Lap,Culinary
Greyson Anderson,15,2.61,51,Sophomore,Early College
Steve Martinez,15,0.82,55,Senior,Culinary
Adam Brown,15,3.54,56,Senior,Criminal Justice
Emily Williams,19,3.85,10,Senior,Culinary
Eli Lopez,19,3.82,25,Senior,Engineering
Jenna Taylor,18,0.76,6,Victory Lap,Early Childhood Education
Eli Martinez,16,2.17,1,Sophomore,Business
John Thomas,17,0.38,9,Freshman,Culinary
Eli Anderson,15,4.09,12,Freshman,Business
Sarah Davis,18,3.57,19,Senior,Culinary
Greyson Garcia,14,2.8,8,Freshman,Early Childhood Education
Greyson Johnson,17,2.29,32,Victory Lap,Biomed
Ethan Miller,15,3.93,24,Junior,Engineering
Steve Williams,18,2.95,57,Freshman,Early College
Sarah Brown,18,3.94,9,Sophomore,Criminal Justice
Jenna Thomas,16,0.38,41,Junior,Culinary
Aiden Martin,15,0.44,39,Freshman,Early College
Adam Miller,17,3.49,37,Junior,Early College
Adam Miller,17,2.25,47,Victory Lap,Early College
Greyson Garcia,19,3.95,14,Sophomore,Engineering
Greyson Miller,19,2.31,47,Freshman,Engineering
Sarah Lopez,14,3.96,24,Freshman,Biomed
Emily Johnson,17,3.35,17,Junior,Biomed
Ryleigh Moore,19,1.88,42,Junior,Computer Science
Jenna Martinez,19,4.49,56,Victory Lap,Marketing
Abby Anderson,17,0.33,54,Senior,Marketing
Nick Moore,14,2.06,22,Junior,Business
Steve Anderson,16,2.72,13,Victory Lap,Business
Landon Martinez,18,0.91,31,Victory Lap,Biomed
Jenna Thomas,17,4.03,13,Freshman,Engineering
Ryleigh Moore,18,1.55,10,Victory Lap,Marketing
Sarah Moore,17,0.65,35,Senior,Culinary
Kamryn Jones,18,1.5,17,Freshman,Computer Science
John Johnson,18,0.75,30,Sophomore,Marketing
Aiden Smith,17,1.2,23,Sophomore,Culinary
Emily Garcia,15,2.76,28,Junior,Computer Science
Jacob Jones,16,3.65,4,Junior,Marketing
Nick Thomas,18,0.54,47,Senior,Computer Science
Landon Martinez,14,0.77,36,Junior,Computer Science
Ryleigh Johnson,17,2.59,11,Freshman,Business
Ava Garcia,14,3.55,1,Freshman,Engineering
Kamryn Martin,14,4.3,10,Victory Lap,Culinary
Jenna Johnson,17,0.99,28,Sophomore,Marketing
Abby Brown,15,3.56,12,Freshman,Culinary
Ryleigh Smith,15,2.54,16,Senior,Early Childhood Education
Kamryn Thomas,16,0.49,37,Sophomore,Marketing
Ryleigh Garcia,17,1.22,57,Sophomore,Business
Eli Martinez,15,0.98,8,Sophomore,Early College
Landon Jones,18,3.37,60,Junior,Culinary
John Thomas,14,3.33,19,Senior,Early Childhood Education
Kamryn Miller,18,1.33,9,Senior,Biomed
Aiden Brown,16,3.49,60,Senior,Computer Science
John Miller,17,1.02,54,Freshman,Culinary
Ava Thomas,14,3.25,34,Freshman,Business
Greyson Lopez,15,2.59,15,Freshman,Criminal Justice
Jocelyn Moore,19,0.31,10,Freshman,Biomed
John Garcia,16,1.83,2,Freshman,Biomed
Jenna Brown,14,3.75,32,Junior,Marketing
Kamryn Miller,15,2.99,21,Victory Lap,Biomed
Greyson Taylor,18,0.54,28,Freshman,Early Childhood Education
Abby Brown,16,3.72,13,Senior,Biomed
Nick Lopez,19,4.18,60,Sophomore,Engineering
Steve Taylor,16,3.6,40,Junior,Business
Jenna Jones,18,0.71,35,Victory Lap,Early College
John Thomas,15,2.56,46,Freshman,Biomed
Ava Johnson,15,1.89,41,Sophomore,Early Childhood Education
Aiden Brown,16,2.07,8,Senior,Marketing
Jacob Moore,15,1.41,2,Victory Lap,Marketing
Jacob Williams,14,2.15,19,Victory Lap,Culinary
Landon Martin,18,3.94,19,Victory Lap,Criminal Justice
Ryleigh Taylor,15,0.85,31,Sophomore,Early College
Landon Anderson,15,3.44,12,Senior,Biomed
Landon Martin,14,2.57,50,Victory Lap,Criminal Justice
Eli Garcia,15,4.08,19,Freshman,Engineering
Adam Thomas,17,2.31,7,Freshman,Early Childhood Education
Ethan Anderson,18,3.12,27,Senior,Computer Science
Jenna Thomas,16,2.04,6,Sophomore,Computer Science
Jenna Martinez,19,2.31,27,Junior,Biomed
Nick Garcia,16,1.06,8,Victory Lap,Early College
Abby Johnson,18,2.57,28,Victory Lap,Culinary
Greyson Jones,15,4.07,43,Junior,Marketing
Kamryn Anderson,17,1.42,23,Victory Lap,Computer Science
Aiden Martinez,17,1.64,39,Sophomore,Early College
Ava Martinez,16,1.71,29,Victory Lap,Early College
Kamryn Davis,14,4.15,41,Victory Lap,Criminal Justice
Steve Garcia,15,1.98,31,Sophomore,Early College
Emily Thomas,16,3.25,25,Freshman,Engineering
Nick Brown,19,1.97,4,Senior,Criminal Justice
Sarah Taylor,17,1.93,59,Freshman,Computer Science
Aiden Williams,14,2.46,4,Victory Lap,Business
Jacob Miller,19,3.87,60,Freshman,Culinary
Nick Brown,15,2.93,25,Freshman,Marketing
Nick Jones,14,3.19,16,Freshman,Marketing
John Garcia,14,3.69,5,Senior,Engineering
Jocelyn Moore,18,1.41,51,Junior,Culinary
Adam Taylor,14,0.99,19,Junior,Early Childhood Education
Abby Johnson,14,0.5,55,Senior,Computer Science
Ava Moore,17,3.1,3,Freshman,Early Childhood Education
Ethan Thomas,19,2.93,21,Senior,Early Childhood Education
Ethan Taylor,15,0.6,58,Victory Lap,Business
Jacob Thomas,14,3.6,9,Junior,Culinary
Aiden Garcia,15,3.39,11,Junior,Biomed
Ethan Anderson,18,3.38,55,Freshman,Biomed
Abby Taylor,19,2.91,24,Sophomore,Engineering
Jacob Smith,19,1.75,13,Senior,Computer Science
Aiden Garcia,18,2.27,14,Sophomore,Engineering
Sarah Martin,16,1.64,16,Freshman,Early Childhood Education
Ava Garcia,17,0.88,22,Victory Lap,Early College
Ryleigh Garcia,14,1.36,26,Freshman,Computer Science
Ryleigh Davis,18,2.45,59,Junior,Business
Jenna Taylor,16,2.33,49,Junior,Biomed
John Davis,14,3.64,55,Victory Lap,Biomed
Greyson Lopez,14,2.95,14,Sophomore,Culinary
John Anderson,15,0.41,39,Sophomore,Early College
Emily Davis,14,1.29,49,Sophomore,Biomed
Emily Williams,14,0.49,22,Freshman,Biomed
Ryleigh Thomas,16,2.37,26,Freshman,Culinary
Ava Moore,16,3.2,25,Victory Lap,Early College
Eli Martinez,18,2.33,37,Junior,Early College
Eli Miller,16,1.03,59,Junior,Biomed
Eli Jones,19,1.55,50,Senior,Computer Science
Ryleigh Anderson,14,0.74,49,Senior,Computer Science
Ryleigh Taylor,14,2.44,42,Victory Lap,Marketing
Abby Anderson,14,0.52,57,Victory Lap,Computer Science
John Moore,16,3.22,21,Sophomore,Biomed
John Taylor,17,4.05,5,Sophomore,Culinary
Adam Smith,16,1.38,15,Victory Lap,Early Childhood Education
John Jones,15,1.21,35,Freshman,Computer Science
John Miller,17,0.5,22,Senior,Criminal Justice
Steve Garcia,19,1.92,51,Victory Lap,Biomed
Jacob Brown,17,4.41,30,Junior,Early Childhood Education
Ryleigh Davis,14,1.65,23,Sophomore,Early College
Landon Johnson,19,3.97,24,Victory Lap,Early College
Steve Brown,16,3.15,57,Senior,Early Childhood Education
Landon Thomas,14,3.99,25,Victory Lap,Marketing
Jenna Johnson,18,0.55,46,Junior,Early College
Emily Anderson,15,4.43,12,Victory Lap,Biomed
Sarah Moore,14,3.77,35,Junior,Early College
Adam Davis,18,1.07,16,Victory Lap,Biomed
Jocelyn Martinez,14,4.17,21,Sophomore,Business
John Garcia,15,3.25,0,Sophomore,Computer Science
Sarah Lopez,14,0.85,8,Freshman,Computer Science
Aiden Garcia,14,2.67,2,Sophomore,Computer Science
Ryleigh Lopez,15,1.49,60,Victory Lap,Computer Science
Eli Thomas,16,1.66,20,Junior,Marketing
Ryleigh Johnson,14,2.05,47,Freshman,Early Childhood Education
Kamryn Martinez,19,2.09,40,Sophomore,Criminal Justice
Jocelyn Davis,15,2.39,35,Sophomore,Engineering
Ethan Miller,16,1.79,34,Junior,Marketing
Kamryn Garcia,19,3.65,41,Victory Lap,Computer Science
Steve Johnson,17,3.93,25,Sophomore,Computer Science
Nick Brown,17,4.11,25,Senior,Early College
Nick Anderson,18,2.35,17,Victory Lap,Biomed
Jenna Brown,17,0.42,46,Junior,Business
Kamryn Jones,15,2.38,50,Freshman,Engineering
Ryleigh Martinez,17,1.2,13,Senior,Early Childhood Education
Jacob Miller,15,1.44,36,Junior,Culinary
Sarah Garcia,16,3.35,55,Victory Lap,Biomed
Ava Miller,17,3.97,42,Sophomore,Biomed
Sarah Johnson,14,3.62,26,Victory Lap,Early Childhood Education
Ryleigh Smith,17,3.85,4,Victory Lap,Early College
Abby Thomas,18,1.07,10,Victory Lap,Business
Jacob Miller,18,3.46,60,Junior,Early College
Eli Martin,19,2.79,15,Sophomore,Biomed
Ethan Davis,14,0.92,48,Senior,Computer Science
Steve Martin,14,1.96,53,Freshman,Engineering
John Martin,16,0.78,60,Junior,Marketing
Ava Martinez,19,0.49,17,Freshman,Culinary
Adam Lopez,15,2.66,48,Victory Lap,Computer Science
Jenna Johnson,14,4.22,17,Sophomore,Early Childhood Education
Greyson Johnson,16,0.67,5,Senior,Criminal Justice
Jacob Smith,15,2.77,7,Junior,Criminal Justice
Adam Lopez,19,1.19,48,Sophomore,Marketing
Jocelyn Williams,14,1.62,44,Junior,Marketing
Kamryn Taylor,14,3.96,40,Freshman,Culinary
Ryleigh Johnson,19,2.55,39,Freshman,Early College
Sarah Jones,14,3.86,37,Senior,Marketing
Jacob Thomas,18,1.94,39,Sophomore,Biomed
Sarah Moore,16,3.16,42,Junior,Early College
Landon Anderson,18,0.61,24,Freshman,Biomed
Ryleigh Garcia,16,1.32,44,Freshman,Early College
Steve Davis,18,1.56,5,Sophomore,Criminal Justice
Eli Taylor,14,1.5,41,Senior,Criminal Justice
Nick Anderson,15,2.49,59,Freshman,Criminal Justice
Steve Miller,19,3.68,54,Senior,Early College
John Lopez,14,0.31,51,Freshman,Business
Ryleigh Garcia,16,3.25,31,Victory Lap,Criminal Justice
Emily Garcia,15,0.61,13,Victory Lap,Biomed
John Garcia,16,1.09,10,Senior,Early College
Jenna Johnson,16,4.4,44,Junior,Early College
Adam Miller,16,1.35,32,Freshman,Culinary
Sarah Davis,15,2.96,2,Victory Lap,Early Childhood Education
Greyson Taylor,17,0.53,31,Victory Lap,Culinary
Greyson Williams,16,4.04,49,Freshman,Computer Science
Steve Taylor,19,2.84,52,Victory Lap,Business
Abby Moore,17,2.37,8,Senior,Business
Jacob Anderson,14,0.98,56,Freshman,Biomed
Greyson Thomas,17,0.3,29,Junior,Culinary
Jacob Lopez,17,2.48,21,Victory Lap,Business
Abby Smith,15,1.99,11,Junior,Biomed
Aiden Thomas,16,1.13,32,Sophomore,Marketing
Abby Johnson,19,1.49,22,Freshman,Early Childhood Education
Adam Garcia,14,0.76,36,Junior,Business
Ava Moore,15,4.38,13,Junior,Engineering
John Martin,14,0.71,14,Junior,Culinary
Greyson Miller,18,4.17,32,Junior,Early College
Emily Garcia,14,3.63,29,Junior,Early Childhood Education
Abby Johnson,14,1.58,0,Freshman,Culinary
Adam Jones,19,4.25,39,Victory Lap,Early Childhood Education
Adam Miller,15,2.42,3,Junior,Computer Science
Jocelyn Johnson,14,2.8,52,Freshman,Culinary
Greyson Brown,16,0.54,5,Victory Lap,Early College
Steve Jones,14,0.61,54,Freshman,Early College
Nick Martinez,17,3.36,17,Senior,Business
Abby Taylor,14,3.55,26,Victory Lap,Early College
Jocelyn Martin,15,4.1,46,Freshman,Biomed
Kamryn Thomas,18,2.23,41,Sophomore,Marketing
Sarah Lopez,16,0.55,26,Freshman,Computer Science
Jenna Williams,17,2.19,30,Sophomore,Criminal Justice
Nick Martin,19,2.28,59,Junior,Engineering
Jenna Davis,15,4.31,37,Sophomore,Culinary
Jenna Moore,16,4.24,46,Junior,Business
Nick Davis,19,2.83,22,Senior,Early Childhood Education
Ethan Smith,18,2.24,49,Junior,Criminal Justice
Kamryn Anderson,18,4.27,16,Freshman,Business
Ethan Smith,16,1.92,19,Freshman,Culinary
Kamryn Smith,14,1.24,41,Freshman,Engineering
Ethan Brown,16,0.4,8,Victory Lap,Engineering
Ava Williams,15,1.72,23,Freshman,Early College
Ava Martin,14,3.48,48,Junior,Culinary
Kamryn Williams,19,1.15,36,Freshman,Early College
Steve Williams,18,2.46,18,Senior,Computer Science
John Martinez,18,1.35,54,Senior,Engineering
Jocelyn Martinez,19,2.09,44,Junior,Early College
Ethan Johnson,19,1.0,42,Victory Lap,Culinary
Nick Martinez,19,0.4,6,Junior,Engineering
Nick Davis,19,2.18,10,Senior,Criminal Justice
Sarah Martinez,19,3.04,13,Victory Lap,Business
Jocelyn Johnson,16,1.28,24,Victory Lap,Engineering
Emily Davis,15,1.17,15,Junior,Computer Science
Ethan Johnson,17,3.09,18,Freshman,Culinary
John Brown,16,2.17,20,Senior,Computer Science
Emily Lopez,16,3.29,26,Victory Lap,Engineering
Greyson Jones,16,1.71,3,Senior,Culinary
Sarah Davis,14,1.63,37,Senior,Biomed
Kamryn Anderson,18,1.54,48,Senior,Culinary
Steve Lopez,14,0.37,57,Victory Lap,Biomed
Ethan Taylor,18,1.15,45,Junior,Computer Science
John Davis,17,1.1,50,Senior,Culinary
Landon Martin,14,1.41,52,Junior,Culinary
Steve Martin,18,1.72,49,Junior,Biomed
Kamryn Moore,14,2.42,12,Freshman,Criminal Justice
Landon Moore,15,0.82,8,Sophomore,Biomed
Jacob Johnson,18,0.51,49,Sophomore,Marketing
Landon Williams,17,2.94,42,Senior,Culinary
Landon Johnson,16,1.45,28,Victory Lap,Culinary
Kamryn Martin,17,1.29,35,Sophomore,Engineering
Jocelyn Brown,16,2.47,19,Sophomore,Biomed
Adam Miller,19,2.03,52,Sophomore,Marketing
Jenna Jones,15,4.46,3,Senior,Early College
Abby Miller,19,4.21,6,Freshman,Computer Science
Greyson Smith,19,0.56,51,Junior,Early College
Landon Martinez,17,3.07,50,Junior,Computer Science
Landon Williams,14,0.94,24,Junior,Engineering
Kamryn Martin,14,3.03,60,Junior,Engineering
Kamryn Lopez,16,1.33,15,Sophomore,Engineering
Ava Anderson,19,1.28,12,Junior,Culinary
Steve Taylor,18,1.79,13,Freshman,Biomed
Ethan Miller,15,2.99,14,Senior,Engineering
Ryleigh Martin,15,2.96,31,Freshman,Early College
Adam Lopez,19,1.44,20,Victory Lap,Engineering
Emily Davis,15,2.26,9,Junior,Early Childhood Education
Nick Moore,14,0.61,54,Victory Lap,Culinary
Jocelyn Miller,16,1.36,59,Freshman,Computer Science
Sarah Miller,14,1.72,51,Freshman,Computer Science
Emily Miller,17,2.57,39,Junior,Biomed
Greyson Jones,15,2.87,13,Senior,Marketing
Ryleigh Johnson,17,4.21,55,Junior,Culinary
Ryleigh Moore,19,4.43,51,Senior,Early College
Ethan Johnson,17,2.91,45,Senior,Engineering
Steve Martinez,15,0.52,13,Victory Lap,Culinary
Ava Anderson,14,3.32,59,Sophomore,Biomed
Kamryn Lopez,17,0.47,47,Victory Lap,Early College
Jocelyn Williams,15,4.14,26,Senior,Early College
Jenna Johnson,17,3.53,40,Victory Lap,Biomed
John Anderson,15,2.87,4,Victory Lap,Early College
Eli Davis,14,0.98,24,Sophomore,Business
Sarah Martinez,17,1.1,40,Freshman,Business
Ava Martin,15,2.21,27,Freshman,Culinary
John Smith,18,0.51,24,Freshman,Biomed
Abby Anderson,19,0.84,30,Junior,Marketing
Abby Martinez,18,3.48,18,Senior,Engineering
Abby Anderson,16,3.72,0,Freshman,Marketing
Greyson Thomas,14,1.16,33,Senior,Culinary
Ava Garcia,16,1.74,5,Victory Lap,Computer Science
Ryleigh Smith,14,2.47,39,Freshman,Criminal Justice
Jacob Garcia,19,0.66,46,Senior,Early Childhood Education
Abby Lopez,18,1.66,16,Senior,Early Childhood Education
Ryleigh Johnson,19,0.94,35,Freshman,Business
Abby Lopez,19,1.88,60,Sophomore,Culinary
John Martinez,16,3.67,51,Senior,Culinary
Emily Martin,15,0.63,7,Junior,Culinary
Ryleigh Brown,18,3.26,23,Senior,Computer Science
Ethan Smith,18,2.76,41,Freshman,Criminal Justice
Eli Williams,15,4.05,24,Freshman,Business
Abby Moore,17,2.71,35,Junior,Engineering
Abby Miller,17,0.52,44,Freshman,Engineering
Landon Jones,19,0.98,22,Victory Lap,Marketing
Jenna Taylor,16,0.72,0,Freshman,Engineering
Jenna Martin,14,4.4,7,Junior,Computer Science
Sarah Jones,19,0.97,22,Freshman,Criminal Justice
Eli Lopez,16,3.82,0,Junior,Culinary
Eli Williams,18,2.15,55,Junior,Engineering
Abby Anderson,17,1.34,2,Freshman,Engineering
Abby Brown,15,2.06,8,Junior,Computer Science
Jenna Martinez,19,3.05,55,Junior,Business
Sarah Brown,16,2.65,53,Sophomore,Computer Science
Kamryn Thomas,17,1.08,36,Junior,Early College
Ava Martin,19,2.43,31,Freshman,Early Childhood Education
Landon Anderson,19,2.86,22,Freshman,Culinary
Landon Garcia,14,0.43,45,Senior,Biomed
Eli Thomas,17,2.63,30,Senior,Criminal Justice
Greyson Anderson,16,3.46,1,Freshman,Early College
John Martinez,14,2.35,52,Sophomore,Engineering
Ryleigh Brown,17,3.75,30,Senior,Marketing
Jocelyn Garcia,15,2.89,15,Victory Lap,Criminal Justice
Ryleigh Moore,18,3.38,46,Victory Lap,Early College
Kamryn Lopez,17,0.32,42,Junior,Computer Science
Jocelyn Smith,16,3.54,50,Freshman,Culinary
Ava Moore,17,2.93,28,Senior,Culinary
Aiden Smith,18,2.56,49,Senior,Culinary
Ryleigh Johnson,14,1.6,55,Victory Lap,Early Childhood Education
Abby Miller,18,1.69,49,Junior,Marketing
Jocelyn Lopez,14,0.86,29,Junior,Business
Jocelyn Brown,16,3.36,60,Victory Lap,Business
Greyson Jones,15,1.99,30,Junior,Early Childhood Education
Sarah Davis,16,1.64,24,Victory Lap,Marketing
Nick Williams,16,0.95,26,Junior,Marketing
Eli Brown,17,3.53,24,Victory Lap,Engineering
Greyson Moore,19,1.7,41,Victory Lap,Marketing
Emily Lopez,16,2.47,32,Senior,Business
Ethan Anderson,14,3.46,2,Victory Lap,Early Childhood Education
Jacob Anderson,15,2.26,60,Senior,Early Childhood Education
Landon Johnson,19,2.77,12,Senior,Early College
Landon Johnson,15,0.72,31,Junior,Early Childhood Education
Nick Williams,19,1.11,9,Freshman,Culinary
Abby Williams,19,2.61,26,Sophomore,Engineering
Emily Martinez,19,2.76,8,Victory Lap,Engineering
Jacob Lopez,15,3.56,57,Sophomore,Computer Science
Ava Smith,16,4.24,50,Freshman,Early Childhood Education
Abby Johnson,16,0.62,27,Senior,Early Childhood Education
Steve Davis,16,3.19,31,Senior,Early College
Sarah Jones,18,0.77,11,Freshman,Computer Science
Adam Brown,15,1.31,3,Sophomore,Culinary
Jocelyn Taylor,14,3.19,24,Sophomore,Early College
Landon Thomas,17,1.18,26,Victory Lap,Engineering
Jacob Martinez,17,2.48,15,Junior,Early College
Jenna Johnson,16,1.34,50,Victory Lap,Early College
Jenna Taylor,18,3.61,11,Freshman,Computer Science
Adam Lopez,16,4.34,5,Victory Lap,Early College
Adam Jones,18,3.6,21,Freshman,Early Childhood Education
Abby Thomas,16,0.85,42,Freshman,Computer Science
Jenna Jones,14,1.54,23,Junior,Engineering
Jenna Martin,15,2.55,36,Victory Lap,Computer Science
Greyson Martinez,14,1.61,50,Freshman,Marketing
Steve Williams,14,3.51,60,Victory Lap,Biomed
Ryleigh Garcia,18,1.78,6,Sophomore,Marketing
John Thomas,16,3.34,19,Sophomore,Business
Kamryn Moore,16,3.56,29,Junior,Criminal Justice
Jocelyn Lopez,14,0.63,33,Victory Lap,Business
John Johnson,16,1.13,26,Junior,Biomed
Ethan Davis,17,4.13,58,Victory Lap,Culinary
Kamryn Garcia,15,3.89,21,Sophomore,Culinary
Jocelyn Williams,14,0.37,35,Senior,Criminal Justice
Ava Miller,18,1.83,36,Senior,Criminal Justice
Ava Martinez,14,0.35,13,Victory Lap,Engineering
Jacob Davis,15,1.76,25,Junior,Early Childhood Education
John Taylor,16,2.06,21,Sophomore,Computer Science
Steve Moore,17,1.04,33,Senior,Early College
Jenna Anderson,18,3.04,16,Victory Lap,Biomed
Jocelyn Davis,14,4.19,37,Sophomore,Computer Science
Adam Thomas,19,4.38,37,Freshman,Computer Science
Kamryn Williams,16,2.69,43,Freshman,Biomed
Eli Taylor,18,3.03,32,Sophomore,Marketing
Ethan Jones,19,0.4,3,Senior,Marketing
Steve Moore,17,2.75,54,Freshman,Marketing
Emily Williams,16,1.54,37,Sophomore,Early Childhood Education
Jenna Garcia,19,2.71,19,Freshman,Computer Science
Emily Smith,14,0.94,40,Freshman,Criminal Justice
Adam Martinez,14,3.52,23,Sophomore,Computer Science
Kamryn Martin,15,3.93,27,Junior,Criminal Justice
Nick Thomas,19,1.57,37,Victory Lap,Criminal Justice
Jocelyn Johnson,16,2.04,5,Victory Lap,Biomed
Landon Miller,16,1.93,11,Freshman,Computer Science
Sarah Thomas,16,3.96,16,Victory Lap,Culinary
Ryleigh Jones,19,0.84,24,Freshman,Business
Jocelyn Garcia,15,1.24,33,Sophomore,Business
Ava Smith,18,1.21,12,Sophomore,Criminal Justice
Emily Martin,15,3.46,0,Sophomore,Engineering
Landon Brown,19,3.87,32,Junior,Business
Ryleigh Anderson,17,2.13,26,Junior,Computer Science
Greyson Lopez,14,1.57,50,Senior,Marketing
Greyson Taylor,16,2.16,35,Junior,Early Childhood Education
Ava Johnson,14,2.48,57,Victory Lap,Marketing
Emily Garcia,14,0.74,52,Victory Lap,Biomed
Ryleigh Davis,16,1.87,16,Victory Lap,Early Childhood Education
John Garcia,18,3.6,45,Senior,Biomed
Ava Anderson,14,3.59,58,Sophomore,Engineering
Aiden Thomas,16,0.4,46,Victory Lap,Marketing
Kamryn Moore,16,0.41,19,Junior,Marketing
John Williams,19,2.36,12,Freshman,Engineering
Abby Thomas,16,1.87,54,Freshman,Business
Jenna Smith,16,2.58,44,Sophomore,Culinary
Jocelyn Johnson,18,3.76,1,Victory Lap,Early Childhood Education
Landon Martinez,15,4.46,10,Junior,Biomed
Jocelyn Martinez,18,2.12,40,Junior,Criminal Justice
Ethan Jones,18,1.16,13,Senior,Biomed
Jacob Martinez,16,3.53,36,Sophomore,Early Childhood Education
Ethan Anderson,18,0.37,50,Victory Lap,Engineering
Ryleigh Thomas,18,2.75,34,Sophomore,Marketing
Jacob Smith,16,1.11,11,Senior,Computer Science
Jacob Taylor,16,0.78,3,Junior,Early Childhood Education
Landon Johnson,18,1.16,2,Sophomore,Early Childhood Education
Ethan Davis,19,2.8,50,Senior,Computer Science
Jacob Smith,17,0.7,1,Victory Lap,Early Childhood Education
Sarah Martinez,16,1.99,10,Freshman,Business
Ryleigh Thomas,15,2.35,12,Freshman,Early Childhood Education
Emily Brown,17,2.31,43,Freshman,Early Childhood Education
Ethan Garcia,14,3.81,3,Victory Lap,Early College
Jocelyn Johnson,16,1.88,2,Freshman,Early College
Adam Moore,16,1.04,48,Junior,Early College
Jacob Moore,17,1.88,31,Junior,Culinary
Landon Brown,17,2.02,2,Freshman,Marketing
Landon Johnson,16,1.82,21,Victory Lap,Culinary
Sarah Johnson,15,0.76,47,Freshman,Business
Adam Davis,16,1.06,36,Freshman,Computer Science
Ryleigh Johnson,18,3.4,9,Junior,Early College
Jocelyn Taylor,17,3.11,24,Senior,Business
Eli Smith,17,3.35,25,Freshman,Marketing
Abby Garcia,16,2.04,23,Junior,Computer Science
Adam Moore,16,0.9,56,Victory Lap,Marketing
Ethan Garcia,17,0.59,19,Senior,Early Childhood Education
Jocelyn Taylor,17,3.06,36,Victory Lap,Biomed
Sarah Jones,15,4.14,9,Sophomore,Early College
Greyson Smith,15,0.84,60,Sophomore,Engineering
Eli Moore,17,3.95,2,Senior,Early Childhood Education
Ryleigh Garcia,18,3.06,38,Sophomore,Business
Steve Miller,16,3.09,18,Victory Lap,Criminal Justice
Abby Miller,17,0.57,12,Victory Lap,Culinary
Kamryn Williams,17,3.52,50,Freshman,Biomed
Eli Garcia,17,4.15,13,Freshman,Criminal Justice
Jenna Williams,14,2.47,12,Junior,Marketing
Abby Martinez,16,3.86,14,Senior,Computer Science
Abby Anderson,17,4.0,45,Senior,Criminal Justice
Emily Moore,18,1.71,11,Senior,Criminal Justice
Adam Miller,17,1.37,6,Sophomore,Business
Eli Brown,15,2.11,1,Junior,Computer Science
Adam Martinez,18,4.14,39,Freshman,Criminal Justice
Abby Thomas,19,1.04,32,Sophomore,Early Childhood Education
Abby Martinez,15,3.8,46,Senior,Marketing
Emily Anderson,17,0.77,56,Junior,Early Childhood Education
Jocelyn Garcia,15,3.62,53,Victory Lap,Culinary
Abby Martinez,14,1.95,57,Senior,Early College
Nick Williams,15,0.87,24,Junior,Computer Science
Aiden Moore,19,2.96,49,Senior,Business
Jocelyn Martinez,14,3.77,31,Victory Lap,Computer Science
John Martinez,18,1.52,9,Junior,Computer Science
Eli Thomas,19,3.44,33,Victory Lap,Biomed
John Brown,18,3.49,49,Sophomore,Criminal Justice
Kamryn Martinez,18,4.18,38,Freshman,Business
Aiden Martinez,18,1.29,37,Senior,Culinary
Ryleigh Davis,18,4.44,0,Freshman,Criminal Justice
Jocelyn Johnson,15,1.19,27,Freshman,Criminal Justice
Steve Brown,19,1.77,18,Freshman,Business
Ryleigh Miller,14,0.31,19,Junior,Business
Jocelyn Martin,16,0.46,33,Sophomore,Business
Landon Anderson,14,0.31,13,Junior,Early College
John Lopez,19,0.76,39,Junior,Engineering
Landon Thomas,17,0.39,52,Freshman,Biomed
Adam Jones,18,2.04,45,Victory Lap,Criminal Justice
Aiden Thomas,15,3.67,18,Victory Lap,Culinary
Abby Taylor,17,1.62,60,Victory Lap,Early College
Sarah Moore,16,2.6,16,Sophomore,Criminal Justice
Ava Brown,15,2.15,53,Junior,Computer Science
Eli Anderson,16,1.56,0,Freshman,Culinary
Steve Jones,18,3.66,5,Freshman,Early College
Nick Brown,18,1.16,35,Junior,Early College
Emily Smith,17,2.7,24,Sophomore,Business
Ryleigh Jones,18,3.95,60,Sophomore,Engineering
Kamryn Martin,16,1.36,3,Junior,Culinary
Nick Smith,15,2.96,51,Junior,Business
Emily Williams,16,2.83,37,Freshman,Early Childhood Education
Steve Garcia,18,4.25,46,Sophomore,Computer Science
Sarah Davis,16,1.95,7,Sophomore,Engineering
Emily Smith,18,1.58,39,Victory Lap,Business
Kamryn Moore,14,1.49,55,Victory Lap,Business
Abby Thomas,19,1.61,1,Freshman,Business
Ryleigh Davis,19,3.77,16,Freshman,Early College
Abby Garcia,19,3.9,41,Senior,Business
Eli Thomas,18,4.35,28,Senior,Engineering
Ava Moore,14,1.03,56,Senior,Computer Science
Aiden Davis,14,4.2,2,Freshman,Marketing
Landon Thomas,17,1.2,49,Junior,Early Childhood Education
Steve Jones,14,0.41,47,Sophomore,Criminal Justice
Aiden Taylor,17,1.79,52,Victory Lap,Biomed
Eli Anderson,16,3.33,9,Victory Lap,Computer Science
Jenna Smith,14,1.97,28,Freshman,Engineering
Eli Anderson,19,3.45,37,Junior,Business
Eli Garcia,17,3.99,8,Freshman,Culinary
Ava Taylor,14,1.03,41,Sophomore,Culinary
Eli Miller,19,0.43,2,Senior,Criminal Justice
Kamryn Anderson,14,2.23,33,Senior,Business
Emily Moore,19,3.08,60,Freshman,Computer Science
Jacob Taylor,14,2.19,43,Sophomore,Culinary
Adam Martin,18,2.8,15,Senior,Engineering
Ava Martinez,14,3.31,32,Victory Lap,Biomed
Eli Garcia,14,3.13,38,Senior,Early Childhood Education
Aiden Davis,19,1.11,35,Victory Lap,Biomed
Aiden Williams,19,0.49,13,Victory Lap,Marketing
Eli Brown,14,3.64,58,Sophomore,Business
Eli Davis,18,1.32,58,Freshman,Culinary
Emily Williams,15,2.0,22,Victory Lap,Early College
Kamryn Smith,18,1.3,51,Victory Lap,Early College
Ryleigh Lopez,15,3.07,19,Sophomore,Computer Science
Steve Williams,19,2.72,15,Senior,Business
Eli Jones,16,0.38,35,Junior,Early College
Abby Anderson,18,0.38,52,Senior,Biomed
Landon Martin,15,4.33,44,Victory Lap,Computer Science
Adam Moore,19,2.9,49,Senior,Computer Science
John Martinez,14,4.22,7,Junior,Engineering
Ava Johnson,19,3.82,6,Junior,Early Childhood Education
Ava Martinez,15,0.54,42,Sophomore,Biomed
Abby Moore,15,0.63,47,Victory Lap,Early Childhood Education
Sarah Garcia,17,4.36,48,Senior,Computer Science
Ryleigh Smith,14,1.97,40,Victory Lap,Marketing
Steve Garcia,19,3.86,2,Freshman,Culinary
John Williams,14,4.22,2,Sophomore,Business
Ava Miller,19,3.0,4,Victory Lap,Computer Science
Greyson Martinez,19,1.53,6,Senior,Criminal Justice
Ethan Smith,14,1.83,6,Freshman,Culinary
Aiden Miller,14,4.46,52,Junior,Engineering
Nick Davis,19,3.65,45,Junior,Early Childhood Education
Ethan Martin,19,2.46,48,Junior,Culinary
Jocelyn Johnson,17,2.86,39,Junior,Engineering
Aiden Garcia,14,2.68,40,Sophomore,Computer Science
John Garcia,17,2.13,23,Senior,Business
John Lopez,14,2.83,2,Sophomore,Engineering
Jacob Davis,17,1.28,51,Junior,Early Childhood Education
Emily Garcia,19,2.11,49,Victory Lap,Engineering
Eli Davis,14,0.97,23,Freshman,Marketing
Sarah Moore,19,1.53,25,Junior,Early College
Adam Miller,17,3.78,2,Victory Lap,Computer Science
Nick Martinez,16,3.41,17,Junior,Biomed
Nick Garcia,15,2.19,56,Senior,Early Childhood Education
Jenna Anderson,16,3.16,29,Sophomore,Early College
Jacob Smith,17,1.66,24,Freshman,Criminal Justice
Landon Davis,15,2.92,27,Victory Lap,Business
Ryleigh Miller,14,1.61,15,Junior,Criminal Justice
Eli Williams,14,0.54,56,Victory Lap,Computer Science
Ava Moore,14,4.29,38,Senior,Business
Emily Brown,19,0.65,4,Victory Lap,Business
Jacob Taylor,18,3.65,17,Junior,Computer Science
Steve Lopez,15,2.51,24,Junior,Early Childhood Education
Jocelyn Garcia,19,0.63,18,Sophomore,Business
Nick Davis,19,1.87,5,Junior,Business
Jocelyn Thomas,19,1.4,10,Freshman,Biomed
Ethan Jones,17,2.84,50,Freshman,Biomed
Kamryn Johnson,14,4.0,38,Junior,Engineering
John Smith,16,3.65,35,Victory Lap,Early Childhood Education
Greyson Lopez,16,2.7,45,Freshman,Culinary
Jacob Lopez,19,4.41,29,Freshman,Marketing
Steve Anderson,15,3.18,59,Freshman,Biomed
Jocelyn Brown,17,3.05,1,Sophomore,Marketing
Adam Smith,18,0.69,31,Sophomore,Early College
Aiden Garcia,16,4.09,23,Senior,Biomed
Emily Miller,18,0.61,13,Sophomore,Marketing
Nick Williams,14,1.21,38,Sophomore,Engineering
Ava Anderson,14,3.12,54,Sophomore,Criminal Justice
Ryleigh Lopez,14,1.59,40,Freshman,Culinary
Ethan Anderson,18,1.16,19,Junior,Biomed
John Martinez,16,3.89,27,Senior,Marketing
Greyson Jones,14,4.18,49,Freshman,Early Childhood Education
Abby Jones,18,3.02,12,Junior,Computer Science
Ethan Jones,18,2.8,16,Sophomore,Culinary
Eli Taylor,16,2.97,34,Victory Lap,Marketing
Nick Johnson,17,2.46,11,Victory Lap,Biomed
Eli Smith,15,0.95,29,Senior,Early Childhood Education
Kamryn Johnson,17,1.97,38,Freshman,Biomed
Sarah Martin,19,2.39,49,Junior,Criminal Justice
Jacob Martinez,14,1.71,60,Senior,Computer Science
Steve Miller,17,2.49,56,Sophomore,Early College
Ryleigh Johnson,19,0.77,54,Junior,Culinary
Jocelyn Davis,18,3.62,57,Victory Lap,Early College
Ethan Jones,18,4.27,56,Junior,Computer Science
Landon Brown,17,3.37,22,Junior,Computer Science
Landon Williams,18,1.69,21,Senior,Business
Emily Garcia,16,2.82,6,Sophomore,Culinary
Ryleigh Brown,19,1.69,9,Sophomore,Early Childhood Education
Jenna Jones,16,1.34,37,Junior,Marketing
Jacob Martinez,15,1.34,60,Victory Lap,Criminal Justice
Greyson Martin,17,4.48,9,Victory Lap,Business
Sarah Williams,14,0.47,33,Junior,Culinary
Ethan Miller,15,0.6,14,Victory Lap,Culinary
Adam Anderson,17,3.16,24,Junior,Marketing
Steve Martinez,15,2.66,15,Senior,Biomed
Eli Garcia,17,4.02,55,Sophomore,Business
John Miller,16,1.45,9,Victory Lap,Culinary
Eli Smith,16,4.38,15,Victory Lap,Criminal Justice
Ava Johnson,17,4.07,30,Victory Lap,Biomed
Eli Smith,17,1.18,25,Senior,Criminal Justice
Aiden Johnson,17,3.2,39,Freshman,Marketing
John Garcia,15,1.58,25,Junior,Early College
Adam Smith,15,2.18,12,Junior,Early Childhood Education
Ava Brown,18,0.69,45,Junior,Early College
Sarah Lopez,15,2.08,32,Freshman,Culinary
Kamryn Thomas,16,3.59,33,Junior,Early Childhood Education
Eli Jones,19,3.95,11,Sophomore,Computer Science
Jenna Moore,19,3.04,56,Freshman,Biomed
Kamryn Martinez,16,2.8,60,Senior,Engineering
Emily Taylor,14,2.41,4,Freshman,Early College
Kamryn Smith,17,2.26,38,Junior,Engineering
Steve Moore,17,2.31,22,Junior,Early Childhood Education
Ethan Davis,19,0.35,12,Victory Lap,Culinary
Jenna Lopez,16,3.12,58,Victory Lap,Business
Sarah Garcia,17,3.07,16,Victory Lap,Biomed
Sarah Thomas,16,2.07,23,Sophomore,Business
Ava Miller,14,0.52,30,Junior,Criminal Justice
Ryleigh Anderson,16,0.91,56,Senior,Computer Science
Jenna Smith,18,2.02,13,Sophomore,Marketing
Eli Jones,19,1.87,25,Freshman,Early Childhood Education
Jenna Martinez,19,0.84,19,Junior,Early College
Abby Taylor,19,3.15,38,Junior,Early College
Sarah Thomas,14,0.48,35,Freshman,Marketing
Ryleigh Moore,15,0.95,45,Junior,Criminal Justice
Nick Williams,19,4.48,10,Victory Lap,Early College
Jenna Lopez,16,4.23,21,Junior,Culinary
Sarah Taylor,15,1.9,52,Sophomore,Criminal Justice
Jacob Smith,17,2.31,16,Victory Lap,Criminal Justice
Steve Williams,16,4.07,29,Senior,Marketing
Adam Johnson,15,0.8,42,Senior,Biomed
Landon Brown,15,3.08,45,Junior,Early Childhood Education
Landon Thomas,15,0.67,48,Sophomore,Culinary
Greyson Martinez,18,0.49,28,Victory Lap,Biomed
Nick Thomas,17,3.96,22,Freshman,Culinary
Ryleigh Martinez,15,1.87,11,Victory Lap,Marketing
John Taylor,16,1.46,36,Senior,Computer Science
John Johnson,18,3.31,29,Sophomore,Criminal Justice
Adam Miller,19,1.09,34,Sophomore,Engineering
Abby Moore,15,4.35,48,Senior,Business
Jacob Garcia,17,1.45,47,Junior,Marketing
Eli Martinez,17,2.15,6,Junior,Biomed
Nick Johnson,14,1.36,54,Victory Lap,Business
Steve Miller,15,4.03,42,Senior,Computer Science
Kamryn Garcia,19,0.65,2,Freshman,Business
Nick Jones,17,2.84,2,Sophomore,Computer Science
Ryleigh Thomas,14,3.26,51,Junior,Computer Science
Kamryn Lopez,19,0.71,2,Junior,Criminal Justice
Ethan Garcia,14,1.29,20,Junior,Culinary
Ryleigh Martin,19,2.8,15,Sophomore,Computer Science
Ryleigh Lopez,17,1.16,57,Junior,Marketing
Ryleigh Smith,14,3.18,60,Freshman,Engineering
Sarah Taylor,14,1.87,15,Senior,Computer Science
Emily Taylor,18,2.54,2,Senior,Marketing
Eli Garcia,19,0.86,24,Victory Lap,Business
Sarah Moore,16,1.88,6,Junior,Early College
Eli Martin,17,1.0,56,Junior,Marketing
John Martinez,17,2.56,22,Victory Lap,Culinary
Emily Lopez,18,2.54,30,Sophomore,Early Childhood Education
Greyson Garcia,14,4.14,7,Victory Lap,Engineering
Adam Anderson,17,3.02,5,Sophomore,Biomed
Eli Smith,14,0.6,59,Sophomore,Marketing
Ethan Miller,15,3.36,16,Senior,Criminal Justice
Ava Garcia,18,2.63,52,Senior,Biomed
Landon Taylor,18,1.3,21,Sophomore,Culinary
John Martin,18,3.58,6,Freshman,Early College
Emily Johnson,17,3.74,9,Sophomore,Computer Science
Adam Johnson,17,1.67,8,Sophomore,Biomed
Aiden Williams,18,1.46,24,Freshman,Marketing
Ethan Williams,17,3.24,14,Freshman,Engineering
Jacob Garcia,16,3.36,45,Senior,Biomed
Ryleigh Brown,19,2.3,40,Senior,Criminal Justice
Jacob Anderson,19,1.02,30,Victory Lap,Culinary
Jenna Martinez,18,1.97,47,Sophomore,Criminal Justice
Emily Johnson,17,3.49,42,Junior,Computer Science
Ethan Smith,14,3.15,17,Sophomore,Criminal Justice
Jocelyn Williams,19,2.56,26,Senior,Criminal Justice
Eli Martinez,16,1.83,51,Sophomore,Biomed
Ava Martin,16,2.94,45,Freshman,Marketing
Eli Davis,17,4.47,52,Victory Lap,Marketing
Jacob Thomas,18,4.18,16,Sophomore,Engineering
Abby Garcia,14,1.72,17,Sophomore,Culinary
Jenna Taylor,17,1.2,24,Sophomore,Culinary
John Davis,17,3.26,46,Sophomore,Computer Science
Ryleigh Smith,19,0.85,27,Junior,Business
Aiden Lopez,18,1.23,17,Junior,Early College
Steve Jones,16,3.91,31,Sophomore,Early Childhood Education
Jocelyn Miller,19,3.1,40,Victory Lap,Culinary
John Taylor,17,3.95,41,Victory Lap,Early Childhood Education
Kamryn Moore,15,1.05,53,Freshman,Biomed
John Thomas,17,3.57,38,Junior,Biomed
Landon Miller,14,0.48,46,Victory Lap,Early College
Jocelyn Taylor,19,0.4,21,Junior,Culinary
Steve Thomas,19,4.19,54,Senior,Early College
Jocelyn Moore,19,2.42,28,Junior,Criminal Justice
Steve Brown,19,4.2,25,Freshman,Business
Aiden Taylor,17,3.11,10,Senior,Business
Greyson Williams,17,1.71,7,Senior,Early Childhood Education
Aiden Garcia,19,1.22,19,Senior,Criminal Justice
Kamryn Martin,16,2.69,34,Senior,Biomed
Eli Martin,16,3.39,10,Senior,Criminal Justice
Steve Thomas,14,2.74,7,Freshman,Business
Aiden Brown,17,0.88,33,Victory Lap,Early College
Greyson Smith,14,4.49,24,Sophomore,Early College
Emily Thomas,16,0.88,60,Freshman,Biomed
Landon Thomas,18,0.55,50,Sophomore,Early Childhood Education
Steve Anderson,17,1.88,59,Victory Lap,Computer Science
Jacob Anderson,17,3.03,34,Senior,Biomed
Ryleigh Williams,14,0.49,17,Junior,Business
Ethan Miller,19,1.23,38,Sophomore,Criminal Justice
Eli Williams,17,0.35,0,Sophomore,Early Childhood Education
Abby Jones,16,3.74,31,Freshman,Computer Science
Adam Thomas,19,2.83,27,Senior,Criminal Justice
Nick Taylor,17,1.53,17,Sophomore,Engineering
Ethan Smith,15,1.97,15,Junior,Early College
Aiden Martin,17,4.31,47,Junior,Criminal Justice
Greyson Garcia,15,0.33,10,Junior,Criminal Justice
Nick Garcia,17,3.23,27,Sophomore,Early Childhood Education
Ethan Anderson,18,3.79,43,Senior,Biomed
Landon Jones,14,3.75,34,Senior,Business
Kamryn Johnson,15,1.45,13,Junior,Engineering
John Martin,14,0.56,25,Victory Lap,Culinary
Emily Smith,15,2.89,43,Junior,Computer Science
Jocelyn Davis,19,1.0,39,Junior,Computer Science
Abby Davis,19,3.62,41,Senior,Early Childhood Education
Jenna Davis,17,3.16,34,Junior,Criminal Justice
Abby Garcia,14,2.62,56,Victory Lap,Business
Nick Martinez,16,1.29,29,Freshman,Biomed
Steve Jones,17,0.4,18,Freshman,Business
Ethan Garcia,18,1.98,25,Freshman,Marketing
Emily Lopez,14,1.43,40,Victory Lap,Biomed
Ethan Martin,16,3.57,0,Sophomore,Marketing
Ava Anderson,16,1.59,30,Sophomore,Engineering
Jacob Williams,17,2.99,24,Sophomore,Business
Kamryn Garcia,19,3.09,43,Victory Lap,Early Childhood Education
Abby Johnson,16,0.87,35,Victory Lap,Biomed
Emily Martinez,15,1.29,37,Senior,Early Childhood Education
Ethan Garcia,19,2.61,49,Senior,Criminal Justice
Sarah Martinez,16,1.61,28,Sophomore,Early Childhood Education
John Moore,16,2.32,6,Victory Lap,Engineering
Jocelyn Johnson,19,0.79,26,Freshman,Business
Jocelyn Miller,16,2.67,9,Senior,Biomed
John Anderson,19,1.97,56,Victory Lap,Early College
Adam Taylor,15,3.08,33,Junior,Computer Science
Steve Miller,14,2.38,48,Senior,Computer Science
Adam Davis,17,4.42,36,Sophomore,Business
Eli Anderson,17,0.34,56,Senior,Engineering
Nick Williams,16,2.12,51,Senior,Early College
Ryleigh Moore,19,4.44,9,Junior,Engineering
Landon Taylor,15,3.9,0,Freshman,Computer Science
Ava Davis,14,2.97,7,Junior,Early College
Jenna Lopez,17,4.27,12,Junior,Marketing
Greyson Taylor,15,1.86,32,Sophomore,Biomed
Aiden Thomas,15,1.14,32,Freshman,Business
Ethan Jones,19,3.86,23,Senior,Marketing
Ethan Taylor,16,2.12,9,Freshman,Engineering
Nick Brown,15,3.54,15,Junior,Marketing
Jacob Garcia,19,1.31,49,Sophomore,Biomed
Ethan Brown,19,3.59,10,Freshman,Early College
Abby Johnson,17,0.46,58,Freshman,Early College
Adam Jones,14,0.98,31,Victory Lap,Early Childhood Education
Nick Martin,17,3.06,31,Freshman,Computer Science
Landon Brown,15,2.37,59,Victory Lap,Marketing
Ethan Jones,18,4.36,18,Sophomore,Engineering
Abby Martin,18,4.28,8,Freshman,Biomed
Ava Moore,15,1.73,49,Sophomore,Engineering
Landon Johnson,18,0.77,46,Victory Lap,Engineering
Steve Lopez,17,0.63,6,Freshman,Engineering
Emily Johnson,16,1.27,5,Junior,Early College
Ava Anderson,15,2.37,50,Junior,Culinary
Ethan Johnson,17,0.89,45,Freshman,Engineering
Ava Davis,15,1.31,37,Freshman,Early College
Emily Garcia,18,1.96,40,Sophomore,Biomed
Landon Garcia,17,3.83,10,Senior,Business
John Martin,19,3.11,52,Victory Lap,Criminal Justice
Aiden Martinez,16,3.52,44,Freshman,Marketing
Landon Martin,18,2.04,30,Freshman,Engineering
Steve Thomas,16,4.22,52,Senior,Marketing
Ethan Anderson,17,1.58,4,Junior,Marketing
Nick Davis,16,0.79,56,Victory Lap,Early Childhood Education
Aiden Lopez,17,0.4,45,Victory Lap,Engineering
Nick Jones,18,3.71,47,Junior,Criminal Justice
Ava Taylor,19,1.65,55,Sophomore,Computer Science
Eli Taylor,18,4.23,49,Freshman,Business
Ava Williams,16,2.81,39,Freshman,Culinary
Steve Thomas,19,1.09,59,Sophomore,Early Childhood Education
Landon Garcia,16,3.32,8,Victory Lap,Computer Science
Aiden Thomas,17,1.52,29,Junior,Criminal Justice
Aiden Brown,17,3.27,31,Junior,Early Childhood Education
Adam Jones,16,3.32,37,Victory Lap,Criminal Justice
Ryleigh Brown,14,3.61,31,Junior,Marketing
Sarah Lopez,18,0.41,36,Sophomore,Biomed
Nick Jones,17,3.14,41,Senior,Computer Science
Sarah Taylor,14,3.26,40,Victory Lap,Early College
Ethan Brown,17,4.36,44,Junior,Early Childhood Education
John Lopez,15,1.69,35,Junior,Biomed
Ryleigh Taylor,19,1.23,46,Sophomore,Biomed
Ethan Davis,14,3.82,7,Sophomore,Business
Jacob Johnson,15,0.4,14,Sophomore,Engineering
Sarah Miller,15,2.79,44,Victory Lap,Early College
Jacob Johnson,19,1.32,4,Victory Lap,Computer Science
Ava Jones,17,4.31,59,Junior,Business
Eli Taylor,16,4.12,25,Sophomore,Culinary
Nick Jones,19,1.72,39,Senior,Early Childhood Education
Kamryn Moore,15,2.05,52,Junior,Marketing
Kamryn Lopez,19,2.26,32,Freshman,Culinary
Ethan Garcia,14,3.19,22,Victory Lap,Computer Science
Ryleigh Miller,19,1.89,54,Victory Lap,Culinary
Adam Johnson,18,2.51,2,Junior,Business
Adam Davis,18,2.01,14,Victory Lap,Biomed
Jocelyn Williams,16,0.48,21,Sophomore,Computer Science
Steve Smith,19,2.12,48,Victory Lap,Criminal Justice
Abby Jones,15,0.38,39,Junior,Biomed
Aiden Thomas,16,0.42,44,Sophomore,Engineering
Ethan Davis,14,0.92,43,Junior,Culinary
Greyson Brown,14,3.21,26,Senior,Engineering
Ava Martinez,14,1.63,15,Sophomore,Computer Science
Ethan Johnson,16,3.77,0,Freshman,Marketing
Ethan Thomas,14,3.8,9,Senior,Computer Science
Adam Davis,15,3.62,18,Senior,Computer Science
Emily Martinez,15,0.56,48,Sophomore,Business
Jacob Moore,15,2.35,54,Senior,Business
Eli Jones,19,3.55,16,Junior,Engineering
Aiden Smith,16,1.36,54,Freshman,Culinary
Nick Jones,19,2.12,49,Senior,Biomed
John Martin,15,2.86,3,Victory Lap,Engineering
Kamryn Smith,14,1.8,45,Sophomore,Criminal Justice
Greyson Anderson,17,1.75,3,Junior,Biomed
Ryleigh Johnson,19,0.63,23,Senior,Marketing
Jocelyn Thomas,14,2.86,35,Junior,Engineering
Jenna Lopez,16,0.91,41,Junior,Early Childhood Education
Sarah Miller,17,0.94,31,Victory Lap,Early College
Ethan Martin,15,4.37,25,Victory Lap,Biomed
Abby Jones,19,2.27,22,Senior,Early Childhood Education
Sarah Garcia,19,2.42,46,Senior,Engineering
Ava Thomas,17,2.57,46,Victory Lap,Business
Ethan Thomas,14,3.73,16,Sophomore,Computer Science
Ryleigh Davis,19,3.43,25,Senior,Early College
Nick Davis,14,0.77,35,Freshman,Criminal Justice
Jenna Martinez,18,0.32,40,Victory Lap,Criminal Justice
Kamryn Williams,15,0.77,38,Freshman,Computer Science
Abby Smith,19,0.68,60,Sophomore,Early Childhood Education
Nick Williams,15,3.71,1,Junior,Computer Science
Nick Taylor,16,1.86,39,Junior,Marketing
Landon Thomas,15,1.73,46,Junior,Culinary
Greyson Brown,18,1.85,38,Sophomore,Criminal Justice
Steve Williams,14,3.02,60,Victory Lap,Marketing
Jocelyn Moore,15,0.86,5,Senior,Business
Abby Anderson,17,4.07,34,Sophomore,Early Childhood Education
Abby Thomas,15,1.43,16,Senior,Computer Science
Kamryn Davis,16,4.29,19,Victory Lap,Engineering
Landon Miller,19,0.89,32,Senior,Early Childhood Education
Adam Anderson,17,2.05,58,Junior,Culinary
Nick Miller,17,1.77,1,Freshman,Marketing
Jacob Davis,19,2.62,24,Freshman,Biomed
Ethan Taylor,19,3.24,25,Sophomore,Criminal Justice
Ryleigh Williams,18,3.18,52,Sophomore,Early Childhood Education
John Jones,16,1.27,21,Junior,Engineering
Kamryn Martinez,15,3.43,35,Sophomore,Criminal Justice
Jacob Garcia,19,3.75,48,Junior,Computer Science
Nick Jones,17,4.44,8,Sophomore,Computer Science
Jenna Williams,17,3.4,34,Junior,Biomed
Greyson Jones,17,1.88,40,Victory Lap,Marketing
Greyson Jones,15,1.76,55,Sophomore,Culinary
Jacob Anderson,18,3.59,33,Senior,Early College
Abby Williams,16,3.69,39,Senior,Early Childhood Education
John Williams,15,2.65,54,Freshman,Business
Jenna Moore,14,1.04,51,Freshman,Engineering
Greyson Moore,15,0.61,41,Sophomore,Criminal Justice
Steve Miller,14,0.92,14,Senior,Business
Steve Anderson,16,1.41,20,Junior,Criminal Justice
Greyson Thomas,16,4.13,5,Sophomore,Business
Eli Taylor,16,2.69,28,Junior,Business
Jacob Jones,16,0.38,20,Sophomore,Criminal Justice
Jacob Thomas,16,1.55,30,Victory Lap,Culinary
Jocelyn Smith,15,3.4,51,Freshman,Computer Science
Landon Lopez,19,1.84,39,Sophomore,Computer Science
Adam Miller,14,2.43,33,Freshman,Early College
John Martinez,14,1.15,11,Freshman,Computer Science
Eli Smith,19,3.21,12,Freshman,Biomed
John Williams,15,3.02,31,Sophomore,Criminal Justice
Ethan Williams,15,0.82,17,Victory Lap,Engineering
John Taylor,18,3.57,38,Junior,Marketing
Adam Jones,14,4.37,51,Senior,Culinary
Ava Johnson,14,3.31,19,Sophomore,Computer Science
Steve Miller,16,3.41,44,Victory Lap,Computer Science
Jacob Smith,15,3.07,37,Sophomore,Culinary
Sarah Johnson,19,4.3,43,Freshman,Early Childhood Education
Ethan Lopez,14,2.7,18,Freshman,Biomed
John Miller,16,2.11,60,Freshman,Early Childhood Education
Landon Thomas,15,0.44,19,Junior,Criminal Justice
Ryleigh Taylor,18,1.19,20,Senior,Engineering
Landon Thomas,18,4.13,12,Freshman,Biomed
Kamryn Davis,16,1.51,42,Victory Lap,Computer Science
Jenna Smith,16,1.09,55,Junior,Early Childhood Education
Emily Taylor,15,1.84,12,Senior,Marketing
Greyson Anderson,14,3.0,54,Victory Lap,Computer Science
Sarah Thomas,14,1.49,4,Senior,Early College
Landon Moore,18,4.02,18,Junior,Business
Jenna Brown,17,2.77,52,Senior,Criminal Justice
Jacob Jones,16,3.99,60,Sophomore,Biomed
Ethan Garcia,16,3.36,9,Victory Lap,Engineering
Kamryn Anderson,16,1.32,49,Freshman,Business
Abby Davis,19,2.41,13,Junior,Criminal Justice
Kamryn Garcia,19,4.02,24,Junior,Computer Science
Adam Martin,17,0.39,41,Senior,Criminal Justice
Landon Davis,15,3.3,44,Sophomore,Marketing
Nick Johnson,14,3.58,47,Senior,Engineering
Jocelyn Martin,19,0.61,50,Sophomore,Marketing
John Miller,17,1.18,40,Junior,Engineering
Ethan Moore,14,2.83,43,Freshman,Business
Emily Brown,15,4.26,3,Freshman,Early Childhood Education
Emily Lopez,17,4.46,46,Junior,Culinary
Jacob Taylor,16,1.68,26,Junior,Marketing
Sarah Taylor,18,1.86,11,Junior,Computer Science
Nick Miller,17,1.94,57,Freshman,Biomed
Ethan Johnson,16,2.61,37,Junior,Business
Emily Garcia,14,0.99,44,Victory Lap,Biomed
Emily Brown,18,4.23,9,Freshman,Early Childhood Education
Nick Lopez,19,2.49,43,Senior,Culinary
John Williams,19,0.8,45,Victory Lap,Computer Science
Jenna Lopez,14,0.91,59,Sophomore,Early College
Greyson Moore,18,1.78,57,Victory Lap,Early College
Jocelyn Jones,18,4.49,46,Sophomore,Business
Jenna Miller,17,1.71,15,Victory Lap,Marketing
Jacob Martinez,14,1.86,14,Junior,Culinary
Sarah Johnson,15,3.38,39,Senior,Early Childhood Education
Ava Williams,16,1.2,55,Victory Lap,Business
Abby Williams,18,0.78,57,Freshman,Early Childhood Education
Ethan Johnson,18,2.3,8,Sophomore,Marketing
Eli Williams,19,0.52,50,Sophomore,Early College
Sarah Moore,16,3.31,49,Victory Lap,Computer Science
Landon Martinez,15,2.62,38,Victory Lap,Marketing
Adam Martin,18,0.76,33,Junior,Biomed
Adam Smith,15,3.58,32,Senior,Marketing
Sarah Martinez,17,0.9,14,Sophomore,Marketing
Jocelyn Jones,19,3.93,23,Victory Lap,Computer Science
John Martin,18,3.47,43,Junior,Business
Eli Garcia,14,4.3,22,Senior,Early Childhood Education
Jocelyn Martinez,19,3.29,49,Sophomore,Culinary
Jocelyn Miller,15,3.8,22,Sophomore,Business
Steve Jones,18,1.15,54,Senior,Business
Jocelyn Thomas,15,4.03,38,Senior,Engineering
Adam Williams,18,0.32,8,Senior,Marketing
Jacob Taylor,19,3.75,8,Sophomore,Criminal Justice
Greyson Martin,16,1.92,26,Sophomore,Criminal Justice
Landon Jones,18,1.59,39,Victory Lap,Biomed
Sarah Anderson,14,1.34,51,Freshman,Engineering
Jocelyn Williams,17,3.75,2,Senior,Business
Kamryn Thomas,18,2.88,59,Junior,Marketing
Ava Davis,17,2.13,36,Victory Lap,Marketing
Landon Brown,17,2.85,46,Freshman,Marketing
Abby Martinez,15,4.05,40,Junior,Criminal Justice
Jacob Thomas,18,3.39,31,Sophomore,Computer Science
Aiden Taylor,19,1.5,16,Senior,Marketing
Adam Smith,18,2.17,33,Victory Lap,Computer Science
Jenna Martinez,17,2.3,34,Senior,Biomed
Aiden Moore,15,2.99,40,Junior,Computer Science
Landon Martinez,18,1.26,52,Junior,Culinary
Kamryn Taylor,19,1.78,23,Junior,Marketing
John Taylor,17,1.26,45,Senior,Engineering
Ethan Lopez,15,1.12,45,Freshman,Computer Science
Jacob Taylor,14,1.55,0,Freshman,Computer Science
Ethan Garcia,19,2.03,60,Victory Lap,Early College
Nick Garcia,17,1.01,13,Senior,Computer Science
Aiden Garcia,19,1.44,44,Freshman,Engineering
Jenna Taylor,16,1.17,32,Sophomore,Culinary
Ryleigh Moore,19,1.42,60,Senior,Biomed
Eli Martin,14,1.56,27,Freshman,Business
Abby Garcia,14,1.21,43,Senior,Biomed
Greyson Anderson,19,3.91,55,Victory Lap,Biomed
Jocelyn Thomas,16,2.88,39,Senior,Criminal Justice
Ethan Miller,17,3.1,55,Senior,Biomed
Kamryn Brown,18,1.87,21,Junior,Criminal Justice
Landon Anderson,15,4.11,21,Victory Lap,Early Childhood Education
Sarah Brown,17,2.02,41,Sophomore,Marketing
John Thomas,19,0.37,2,Victory Lap,Criminal Justice
Landon Lopez,14,3.57,39,Sophomore,Business
Greyson Martin,15,2.81,14,Victory Lap,Criminal Justice
Kamryn Johnson,19,3.58,47,Victory Lap,Engineering
Kamryn Garcia,15,1.87,38,Senior,Business
Jacob Moore,14,2.34,26,Junior,Biomed
Jacob Anderson,14,0.43,46,Victory Lap,Early Childhood Education
Jenna Moore,17,1.11,10,Sophomore,Early College
Landon Lopez,17,2.63,40,Senior,Early Childhood Education
Landon Brown,18,4.04,42,Freshman,Computer Science
Jacob Jones,15,0.4,59,Junior,Criminal Justice
Nick Brown,16,1.56,9,Freshman,Early College
Nick Smith,19,0.69,43,Victory Lap,Engineering
Eli Johnson,18,4.41,28,Freshman,Early Childhood Education
Ryleigh Martinez,15,2.8,23,Senior,Early College
Adam Davis,17,4.32,15,Victory Lap,Marketing
Jenna Thomas,19,2.66,20,Freshman,Engineering
Steve Martinez,18,1.08,21,Victory Lap,Early College
Landon Taylor,16,2.56,30,Victory Lap,Criminal Justice
Eli Miller,17,0.82,60,Freshman,Marketing
John Taylor,18,0.36,39,Victory Lap,Engineering
Eli Davis,19,4.16,54,Senior,Criminal Justice
Ava Smith,16,1.23,29,Sophomore,Early College
Sarah Smith,17,4.18,11,Victory Lap,Culinary
Kamryn Garcia,19,2.46,11,Senior,Computer Science
Emily Smith,15,4.01,42,Sophomore,Culinary
Kamryn Thomas,18,1.67,42,Junior,Marketing
Sarah Brown,14,2.3,17,Sophomore,Marketing
Ryleigh Jones,19,4.25,5,Junior,Engineering
Eli Moore,18,3.1,15,Sophomore,Biomed
Steve Lopez,19,0.39,45,Freshman,Culinary
Steve Moore,17,3.91,38,Victory Lap,Marketing
Sarah Lopez,17,1.07,36,Senior,Culinary
Ethan Davis,19,3.81,46,Junior,Early Childhood Education
Kamryn Lopez,18,3.07,32,Freshman,Early Childhood Education
Kamryn Jones,16,3.24,52,Victory Lap,Criminal Justice
Landon Jones,19,4.5,48,Victory Lap,Early College
Eli Davis,16,3.85,7,Senior,Computer Science
Landon Johnson,15,0.7,44,Freshman,Engineering
Aiden Davis,14,2.06,17,Senior,Business
Abby Martinez,19,2.88,40,Victory Lap,Early Childhood Education
Nick Moore,15,2.04,57,Freshman,Early Childhood Education
Ryleigh Davis,17,3.35,4,Sophomore,Culinary
Eli Williams,19,3.97,23,Victory Lap,Culinary
Steve Brown,16,3.75,3,Junior,Computer Science
Adam Williams,19,1.99,11,Junior,Culinary
John Brown,16,1.37,16,Sophomore,Early College
Jenna Martin,16,3.5,0,Freshman,Engineering
Abby Lopez,14,2.35,52,Freshman,Early Childhood Education
Aiden Johnson,19,3.93,54,Freshman,Biomed
Ryleigh Smith,15,1.99,35,Junior,Culinary
Sarah Martinez,17,3.66,60,Junior,Engineering
Jenna Moore,16,1.59,17,Sophomore,Biomed
Sarah Smith,16,3.2,30,Sophomore,Marketing
Ethan Davis,18,4.27,55,Sophomore,Business
Abby Taylor,16,3.76,60,Junior,Marketing
Greyson Moore,18,0.49,51,Victory Lap,Engineering
Ryleigh Garcia,16,1.27,1,Freshman,Early Childhood Education
Sarah Garcia,14,2.46,51,Sophomore,Biomed
Ethan Brown,18,0.83,9,Freshman,Culinary
Jenna Johnson,16,3.38,58,Junior,Early College
Aiden Smith,19,0.93,38,Junior,Culinary
Emily Moore,19,0.84,12,Victory Lap,Computer Science
Sarah Taylor,17,1.94,55,Victory Lap,Early College
Jacob Thomas,18,1.91,57,Sophomore,Biomed
Kamryn Williams,19,0.73,14,Junior,Computer Science
Sarah Lopez,14,0.83,51,Freshman,Criminal Justice
Ethan Jones,19,1.39,49,Victory Lap,Early College
Jocelyn Garcia,14,1.08,56,Freshman,Computer Science
Ryleigh Miller,15,1.42,11,Junior,Marketing
Jenna Thomas,15,1.82,58,Senior,Criminal Justice
Abby Thomas,19,0.36,41,Junior,Culinary
Abby Moore,14,2.87,21,Sophomore,Early College
Nick Davis,19,1.85,52,Sophomore,Engineering
Ethan Williams,15,1.2,29,Junior,Engineering
Ava Johnson,15,0.89,4,Senior,Marketing
Kamryn Martinez,19,3.65,41,Junior,Marketing
Steve Smith,16,1.64,59,Senior,Early Childhood Education
Abby Moore,19,3.07,44,Freshman,Marketing
Kamryn Williams,17,0.83,53,Junior,Early College
Jacob Moore,18,0.56,36,Freshman,Computer Science
Greyson Jones,19,4.19,43,Victory Lap,Business
Jocelyn Moore,16,2.38,13,Junior,Criminal Justice
Landon Johnson,15,4.41,26,Senior,Computer Science
Abby Anderson,14,0.74,35,Freshman,Biomed
John Martin,17,3.65,57,Freshman,Computer Science
Emily Martin,15,0.32,44,Victory Lap,Engineering
Kamryn Martin,16,3.91,50,Junior,Marketing
Adam Williams,18,1.99,25,Senior,Culinary
Jocelyn Williams,18,3.72,38,Victory Lap,Early Childhood Education
Eli Martinez,19,3.06,5,Sophomore,Culinary
Aiden Williams,18,0.9,60,Freshman,Engineering
Kamryn Anderson,16,1.64,5,Sophomore,Computer Science
Adam Moore,18,3.26,54,Senior,Business
Aiden Miller,18,2.68,40,Sophomore,Marketing
Emily Miller,15,0.98,0,Victory Lap,Computer Science
Jenna Martin,18,1.5,32,Freshman,Business
Sarah Davis,16,2.9,35,Victory Lap,Culinary
Sarah Taylor,14,3.62,57,Sophomore,Culinary
Abby Lopez,18,0.41,56,Senior,Engineering
Sarah Martinez,16,1.81,24,Freshman,Criminal Justice
John Martinez,19,1.18,13,Junior,Biomed
Emily Taylor,19,0.67,60,Freshman,Criminal Justice
Ava Davis,17,0.59,13,Freshman,Business
Aiden Martinez,16,2.77,40,Junior,Culinary
Emily Davis,16,1.43,12,Senior,Biomed
Kamryn Taylor,14,2.04,21,Freshman,Biomed
Jenna Williams,18,3.58,21,Sophomore,Early Childhood Education
Nick Miller,15,4.28,20,Junior,Marketing
Nick Johnson,19,4.28,4,Junior,Marketing
Jenna Lopez,15,2.68,48,Sophomore,Biomed
Kamryn Williams,15,2.54,3,Victory Lap,Marketing
Sarah Garcia,14,1.38,50,Junior,Criminal Justice
Abby Davis,19,1.32,49,Freshman,Criminal Justice
John Lopez,19,0.91,46,Victory Lap,Culinary
Aiden Smith,19,3.94,42,Freshman,Culinary
Adam Martinez,17,3.9,58,Junior,Engineering
Adam Davis,14,2.95,47,Junior,Marketing
Ryleigh Jones,18,2.55,59,Freshman,Early College
Landon Taylor,15,1.05,36,Junior,Marketing
Emily Smith,17,1.11,11,Sophomore,Marketing
Sarah Anderson,18,1.17,30,Senior,Marketing
Sarah Garcia,15,3.61,59,Senior,Early College
Ryleigh Jones,16,2.93,19,Sophomore,Business
Ethan Garcia,19,1.88,12,Victory Lap,Early Childhood Education
Aiden Martin,14,0.33,40,Sophomore,Biomed
Ethan Johnson,17,3.4,33,Junior,Marketing
Abby Martin,15,2.65,47,Junior,Early College
Ava Martin,15,2.31,52,Senior,Culinary
Eli Martin,19,1.56,44,Victory Lap,Early Childhood Education
Aiden Taylor,15,3.14,3,Victory Lap,Culinary
Ryleigh Garcia,19,3.16,34,Senior,Biomed
Steve Martin,18,2.62,0,Senior,Marketing
Kamryn Martin,18,1.72,1,Freshman,Engineering
Jocelyn Smith,17,2.75,13,Sophomore,Computer Science
Emily Jones,17,2.53,23,Senior,Biomed
Adam Martinez,17,1.52,48,Victory Lap,Biomed
Aiden Davis,14,0.55,32,Sophomore,Biomed
Ryleigh Moore,15,2.68,54,Junior,Early College
Ethan Thomas,19,1.25,8,Freshman,Early Childhood Education
Abby Anderson,14,1.72,44,Victory Lap,Computer Science
Greyson Brown,18,2.78,52,Sophomore,Criminal Justice
Nick Johnson,18,0.4,16,Victory Lap,Computer Science
Abby Brown,16,2.53,58,Junior,Computer Science
Emily Williams,15,3.54,5,Victory Lap,Criminal Justice
Jenna Brown,15,3.26,60,Sophomore,Business
Jocelyn Garcia,15,0.62,53,Senior,Early Childhood Education
Steve Jones,17,2.28,51,Victory Lap,Criminal Justice
Nick Johnson,19,4.39,31,Senior,Early College
Eli Martinez,19,1.24,3,Sophomore,Engineering
Jacob Williams,19,1.96,58,Victory Lap,Biomed
Jacob Davis,18,1.56,49,Junior,Early College
Ava Martin,19,3.56,29,Sophomore,Culinary
Greyson Taylor,17,3.19,35,Sophomore,Biomed
Nick Martinez,15,2.34,36,Senior,Culinary
John Anderson,14,4.37,14,Sophomore,Engineering
Nick Jones,17,2.19,35,Freshman,Biomed
Jacob Anderson,14,0.95,43,Senior,Computer Science
Greyson Anderson,19,3.08,28,Sophomore,Engineering
Jocelyn Taylor,17,3.92,46,Senior,Marketing
Landon Martin,18,2.29,22,Freshman,Culinary
Steve Miller,19,2.79,26,Sophomore,Business
Steve Thomas,15,3.14,46,Junior,Criminal Justice
Emily Brown,16,2.4,54,Junior,Early Childhood Education
Adam Smith,14,2.62,9,Junior,Culinary
John Moore,17,4.09,26,Junior,Biomed
Landon Lopez,17,1.74,1,Junior,Early College
John Garcia,19,4.28,49,Victory Lap,Business
John Moore,17,2.27,35,Victory Lap,Business
Abby Brown,15,2.24,6,Freshman,Marketing
Jocelyn Martinez,18,4.05,23,Victory Lap,Culinary
Jocelyn Miller,17,0.41,32,Junior,Early College
Ethan Williams,15,4.26,43,Victory Lap,Marketing
Ryleigh Garcia,19,0.45,33,Senior,Engineering
Nick Jones,15,3.89,18,Sophomore,Computer Science
Jenna Moore,16,3.91,6,Victory Lap,Business
Jocelyn Williams,17,4.46,3,Sophomore,Criminal Justice
Sarah Brown,14,2.67,18,Freshman,Computer Science
Ryleigh Moore,17,0.91,50,Victory Lap,Engineering
Abby Brown,19,3.17,39,Senior,Engineering
Greyson Miller,19,4.48,16,Junior,Criminal Justice
Kamryn Martinez,16,4.28,47,Junior,Biomed
Emily Lopez,16,3.57,56,Senior,Early College
Emily Taylor,16,3.7,27,Victory Lap,Criminal Justice
Eli Moore,19,3.22,10,Senior,Engineering
John Miller,14,1.51,19,Senior,Business
Landon Smith,18,1.13,57,Junior,Early College
Ryleigh Davis,15,0.34,22,Victory Lap,Criminal Justice
Jocelyn Smith,17,2.75,11,Freshman,Marketing
Nick Lopez,14,3.65,43,Freshman,Early College
Ryleigh Garcia,16,3.01,8,Senior,Criminal Justice
Abby Moore,14,1.85,51,Freshman,Early Childhood Education
Adam Smith,14,3.94,51,Victory Lap,Marketing
Ava Moore,16,3.31,19,Freshman,Business
Aiden Moore,16,4.12,50,Junior,Marketing
Greyson Davis,14,1.88,6,Junior,Early Childhood Education
Ryleigh Thomas,16,3.64,58,Sophomore,Culinary
Jenna Garcia,16,2.76,59,Senior,Early Childhood Education
Aiden Lopez,15,0.89,47,Senior,Culinary
Jocelyn Smith,14,0.78,18,Senior,Culinary
Kamryn Martinez,18,2.06,6,Sophomore,Business
Nick Thomas,15,2.28,52,Junior,Biomed
Steve Smith,19,2.26,3,Victory Lap,Business
John Williams,14,1.79,51,Sophomore,Marketing
Ethan Williams,19,1.98,46,Junior,Criminal Justice
Ava Jones,14,2.29,31,Freshman,Biomed
Eli Taylor,16,2.85,55,Freshman,Culinary
Kamryn Williams,15,4.17,43,Junior,Business
Ryleigh Anderson,18,3.31,31,Senior,Business
Jacob Miller,19,2.58,25,Freshman,Engineering
Steve Jones,17,4.2,49,Junior,Early Childhood Education
Eli Smith,19,0.65,20,Senior,Biomed
Kamryn Moore,16,2.43,36,Senior,Biomed
Ethan Williams,14,1.11,18,Victory Lap,Early College
Ryleigh Thomas,18,0.65,7,Freshman,Marketing
Sarah Brown,15,0.53,32,Sophomore,Early College
Ethan Brown,16,0.68,41,Freshman,Business
Jocelyn Martinez,19,2.18,17,Sophomore,Culinary
Jocelyn Martin,16,4.26,21,Sophomore,Culinary
Greyson Smith,19,3.5,4,Victory Lap,Criminal Justice
Greyson Smith,19,0.62,6,Sophomore,Culinary
Landon Martin,16,4.22,46,Freshman,Business
John Lopez,17,3.46,33,Senior,Culinary
Kamryn Smith,16,1.9,3,Junior,Computer Science
Eli Lopez,17,2.3,55,Freshman,Computer Science
Kamryn Jones,15,2.21,33,Junior,Computer Science
Greyson Martinez,18,2.48,45,Junior,Criminal Justice
Ryleigh Davis,19,2.2,0,Senior,Early College
Landon Thomas,19,1.75,23,Junior,Engineering
Landon Taylor,14,4.15,26,Junior,Criminal Justice
John Davis,19,3.93,39,Freshman,Marketing
Jacob Miller,15,3.9,28,Senior,Biomed
Kamryn Lopez,14,4.22,5,Victory Lap,Early College
Eli Martin,17,1.35,42,Sophomore,Computer Science
Abby Garcia,16,3.5,33,Victory Lap,Criminal Justice
Eli Garcia,19,3.05,41,Junior,Engineering
Jacob Martin,19,3.65,48,Freshman,Criminal Justice
Ryleigh Taylor,19,3.06,5,Sophomore,Early Childhood Education
Landon Brown,18,1.51,59,Junior,Business
John Williams,14,2.74,11,Senior,Engineering
Jocelyn Martin,18,1.71,16,Freshman,Computer Science
Eli Thomas,14,2.54,7,Sophomore,Criminal Justice
Adam Thomas,19,1.29,33,Junior,Criminal Justice
Aiden Smith,16,1.48,21,Victory Lap,Marketing
Jenna Garcia,17,4.16,36,Junior,Business
Steve Johnson,17,2.4,8,Sophomore,Early Childhood Education
Nick Martin,14,2.83,52,Freshman,Marketing
Emily Davis,17,0.42,39,Junior,Marketing
Ethan Martin,14,2.37,15,Senior,Culinary
Sarah Moore,14,3.86,6,Senior,Business
Aiden Anderson,15,4.34,23,Freshman,Computer Science
Ava Williams,16,0.41,56,Junior,Business
Landon Moore,14,3.68,38,Victory Lap,Computer Science
Ava Martinez,15,2.88,22,Sophomore,Marketing
Emily Thomas,16,3.65,0,Junior,Engineering
Ava Moore,18,3.57,20,Junior,Biomed
Steve Thomas,14,1.81,19,Freshman,Early Childhood Education
Jenna Davis,15,2.64,2,Senior,Computer Science
Sarah Williams,18,2.66,19,Freshman,Culinary
Aiden Martin,16,3.79,1,Senior,Computer Science
Sarah Taylor,15,1.27,58,Sophomore,Business
Landon Williams,16,1.17,27,Freshman,Marketing
Adam Taylor,18,4.32,21,Victory Lap,Business
Ava Brown,17,1.27,6,Sophomore,Biomed
Aiden Smith,18,0.99,28,Junior,Criminal Justice
Aiden Miller,14,1.55,1,Sophomore,Computer Science
Ethan Miller,15,1.63,54,Junior,Engineering
Ryleigh Martinez,18,1.97,17,Junior,Computer Science
Ryleigh Taylor,14,0.47,14,Junior,Early Childhood Education
Sarah Williams,19,3.19,8,Victory Lap,Computer Science
Ethan Brown,16,2.61,48,Victory Lap,Business
Ava Johnson,18,2.65,56,Freshman,Biomed
John Garcia,14,4.31,40,Freshman,Computer Science
Emily Anderson,19,3.3,28,Freshman,Marketing
Kamryn Martinez,15,1.82,41,Junior,Computer Science
Kamryn Brown,14,2.23,49,Victory Lap,Early Childhood Education
Ryleigh Lopez,16,1.01,10,Senior,Business
Sarah Anderson,18,1.36,9,Junior,Business
Jacob Smith,19,2.82,36,Freshman,Criminal Justice
Ava Davis,15,3.84,42,Freshman,Criminal Justice
Steve Smith,17,3.09,58,Victory Lap,Biomed
Sarah Jones,19,1.69,38,Senior,Computer Science
Emily Williams,17,2.44,34,Freshman,Biomed
Adam Taylor,14,3.01,43,Senior,Computer Science
Greyson Thomas,16,3.53,40,Sophomore,Business
Jenna Johnson,17,2.1,37,Sophomore,Computer Science
Greyson Brown,15,2.59,22,Senior,Culinary
Jacob Davis,15,3.98,13,Freshman,Early College
Nick Davis,15,1.02,43,Freshman,Criminal Justice
Emily Brown,15,2.09,17,Senior,Culinary
Nick Williams,17,1.88,8,Sophomore,Criminal Justice
Sarah Thomas,17,2.85,33,Victory Lap,Early Childhood Education
Ava Davis,18,3.57,36,Sophomore,Computer Science
Adam Garcia,18,4.12,59,Freshman,Biomed
Eli Williams,15,1.92,38,Freshman,Engineering
Jacob Smith,19,1.85,60,Freshman,Early College
Emily Garcia,19,4.48,41,Victory Lap,Engineering
Ethan Johnson,18,1.11,60,Sophomore,Business
Steve Smith,18,2.43,17,Sophomore,Culinary
Ryleigh Miller,18,0.74,15,Senior,Early College
Jocelyn Jones,15,3.78,4,Sophomore,Engineering
Emily Smith,17,3.37,33,Freshman,Early College
Ethan Miller,19,4.02,16,Sophomore,Early College
Greyson Garcia,18,0.93,2,Junior,Business
Nick Martin,16,4.27,4,Freshman,Biomed
Eli Jones,15,4.29,50,Junior,Early Childhood Education
Adam Davis,15,3.52,16,Senior,Marketing
Landon Smith,19,3.03,30,Freshman,Computer Science
Landon Moore,18,3.03,20,Freshman,Early College
Ryleigh Anderson,19,0.34,45,Senior,Early College
Kamryn Martin,15,2.48,41,Freshman,Criminal Justice
Steve Thomas,17,1.32,47,Sophomore,Biomed
Jocelyn Lopez,19,3.08,47,Victory Lap,Engineering
Kamryn Johnson,15,2.22,24,Victory Lap,Criminal Justice
Jocelyn Martin,19,2.53,26,Sophomore,Culinary
Jenna Miller,18,3.3,31,Senior,Marketing
Sarah Thomas,16,1.45,56,Sophomore,Computer Science
Jacob Miller,14,1.2,25,Freshman,Engineering
Sarah Jones,15,3.72,36,Freshman,Biomed
Jenna Moore,15,3.12,48,Sophomore,Engineering
Greyson Lopez,17,3.4,20,Sophomore,Marketing
Eli Thomas,18,3.9,42,Senior,Culinary
Emily Brown,16,2.62,32,Freshman,Early Childhood Education
Sarah Martinez,17,3.26,8,Senior,Computer Science
Emily Martinez,18,3.65,31,Junior,Early College
Landon Williams,16,0.73,44,Sophomore,Criminal Justice
Abby Johnson,16,2.06,1,Freshman,Biomed
Abby Brown,17,1.23,54,Victory Lap,Business
Nick Smith,15,1.86,29,Sophomore,Criminal Justice
Nick Martinez,14,0.35,20,Freshman,Early Childhood Education
Eli Thomas,18,3.74,45,Sophomore,Culinary
Abby Davis,16,3.34,22,Sophomore,Engineering
Jacob Garcia,16,3.91,34,Victory Lap,Early College
Landon Lopez,19,1.89,7,Freshman,Engineering
Kamryn Williams,16,0.55,3,Senior,Biomed
Jacob Brown,18,4.39,60,Sophomore,Early Childhood Education
Sarah Williams,14,0.61,52,Victory Lap,Business
Jocelyn Miller,19,1.92,12,Freshman,Marketing
John Smith,14,1.27,5,Victory Lap,Business
Ethan Brown,18,4.03,51,Sophomore,Biomed
Jacob Smith,14,3.17,36,Victory Lap,Early College
Greyson Thomas,15,3.95,14,Freshman,Engineering
Landon Williams,18,0.96,59,Victory Lap,Criminal Justice
Ryleigh Garcia,19,3.77,21,Junior,Culinary
Emily Jones,19,1.46,35,Freshman,Engineering
Steve Davis,17,2.98,1,Freshman,Engineering
Eli Davis,14,3.44,21,Junior,Culinary
Jocelyn Davis,18,4.5,5,Junior,Criminal Justice
Ava Anderson,19,2.56,59,Junior,Culinary
Jenna Brown,18,3.65,38,Senior,Criminal Justice
Greyson Jones,15,3.06,12,Sophomore,Criminal Justice
Greyson Lopez,19,4.17,32,Sophomore,Early College
Abby Lopez,19,1.61,29,Junior,Engineering
Abby Martinez,17,1.14,49,Victory Lap,Business
Greyson Smith,16,3.11,21,Sophomore,Computer Science
Adam Taylor,16,4.21,52,Sophomore,Computer Science
Landon Taylor,15,0.97,16,Senior,Biomed
Nick Davis,14,4.14,6,Junior,Early College
Emily Brown,18,2.57,8,Sophomore,Early Childhood Education
Emily Davis,19,0.9,24,Junior,Computer Science
Steve Williams,16,0.78,2,Junior,Culinary
Nick Jones,14,0.33,28,Senior,Computer Science
John Lopez,14,2.54,12,Sophomore,Marketing
Steve Martin,19,1.6,35,Junior,Culinary
Landon Martinez,16,1.44,56,Victory Lap,Marketing
Ethan Thomas,14,0.63,21,Victory Lap,Early College
Jenna Brown,16,0.45,3,Freshman,Biomed
Eli Martinez,17,2.71,43,Sophomore,Business
Aiden Johnson,17,2.99,38,Freshman,Engineering
Adam Thomas,14,3.49,43,Freshman,Engineering
Jacob Garcia,15,2.45,6,Senior,Early Childhood Education
Sarah Martin,14,0.51,56,Sophomore,Business
Aiden Jones,17,1.18,48,Sophomore,Engineering
Sarah Taylor,16,0.79,6,Junior,Criminal Justice
Ryleigh Anderson,19,2.73,42,Junior,Criminal Justice
Emily Lopez,14,1.58,54,Junior,Early Childhood Education
Emily Brown,17,2.75,32,Freshman,Culinary
Jacob Jones,18,3.26,6,Senior,Marketing
Adam Garcia,17,1.95,45,Sophomore,Criminal Justice
Ava Jones,15,3.52,37,Freshman,Culinary
Nick Johnson,15,4.27,54,Senior,Criminal Justice
John Smith,19,3.45,29,Victory Lap,Culinary
Jocelyn Anderson,14,1.61,4,Senior,Computer Science
Kamryn Brown,19,2.37,17,Junior,Engineering
Steve Jones,17,3.44,5,Senior,Early College
Abby Moore,17,1.32,21,Junior,Culinary
Ethan Lopez,16,2.16,24,Junior,Computer Science
Ryleigh Brown,14,0.85,32,Sophomore,Early College
Steve Anderson,17,1.33,22,Victory Lap,Engineering
Greyson Jones,19,3.81,40,Junior,Business
Ryleigh Martin,14,2.21,48,Freshman,Culinary
John Martin,15,3.73,47,Victory Lap,Biomed
Steve Taylor,18,4.09,26,Victory Lap,Biomed
Aiden Anderson,14,3.34,29,Sophomore,Criminal Justice
Adam Davis,18,2.17,19,Senior,Early College
Ethan Williams,18,1.52,47,Senior,Computer Science
Abby Davis,18,2.97,43,Junior,Biomed
Ethan Thomas,16,1.38,6,Victory Lap,Early College
Ethan Brown,15,3.19,29,Sophomore,Biomed
Aiden Moore,14,3.55,35,Senior,Biomed
Ryleigh Anderson,18,2.9,1,Victory Lap,Marketing
John Davis,16,2.5,7,Victory Lap,Early College
Aiden Williams,16,2.44,59,Sophomore,Culinary
Eli Smith,16,3.96,29,Freshman,Early College
Jocelyn Miller,17,1.37,8,Junior,Computer Science
Adam Martin,15,2.3,40,Sophomore,Business
Ryleigh Garcia,15,3.76,2,Senior,Marketing
Emily Garcia,18,3.49,21,Senior,Computer Science
Greyson Anderson,16,1.79,40,Junior,Marketing
Jocelyn Williams,18,2.46,44,Sophomore,Business
Landon Moore,17,1.37,32,Freshman,Engineering
Jocelyn Davis,19,1.05,48,Senior,Early Childhood Education
Ava Williams,19,4.12,31,Sophomore,Criminal Justice
Greyson Jones,17,0.92,28,Freshman,Criminal Justice
Greyson Davis,16,2.43,51,Freshman,Engineering
Kamryn Moore,15,2.66,30,Sophomore,Early College
Emily Martin,19,2.34,10,Senior,Business
Ryleigh Miller,16,0.78,26,Freshman,Biomed
Jocelyn Garcia,17,3.01,50,Victory Lap,Criminal Justice
Steve Johnson,19,3.36,34,Junior,Biomed
Abby Davis,19,1.93,6,Victory Lap,Early College
Jenna Davis,14,4.04,5,Sophomore,Biomed
Eli Thomas,14,2.4,35,Freshman,Criminal Justice
Sarah Taylor,16,0.53,42,Victory Lap,Criminal Justice
Landon Johnson,17,1.53,50,Senior,Early Childhood Education
Jenna Garcia,16,3.94,45,Sophomore,Engineering
Landon Johnson,14,2.2,32,Senior,Early Childhood Education
Sarah Martinez,18,1.94,46,Freshman,Biomed
Emily Williams,19,4.16,31,Freshman,Criminal Justice
Greyson Taylor,16,3.02,17,Sophomore,Marketing
Ethan Thomas,15,1.12,49,Victory Lap,Early College
Jenna Williams,16,3.4,8,Senior,Early Childhood Education
Jenna Garcia,14,1.3,10,Senior,Early Childhood Education
Ethan Garcia,19,3.15,13,Junior,Criminal Justice
John Thomas,16,0.63,47,Sophomore,Business
Jenna Martin,16,2.94,0,Freshman,Culinary
Abby Thomas,14,3.21,49,Freshman,Business
Jenna Smith,19,0.73,18,Sophomore,Computer Science
Ethan Smith,15,1.3,56,Victory Lap,Computer Science
Greyson Smith,18,4.48,58,Senior,Culinary
Adam Martinez,17,4.14,57,Freshman,Early College
Ethan Smith,18,4.46,42,Senior,Culinary
Ava Williams,18,2.45,23,Freshman,Marketing
Ryleigh Miller,19,3.94,16,Victory Lap,Marketing
Sarah Smith,14,2.84,51,Freshman,Biomed
Ryleigh Martinez,16,2.76,15,Senior,Business
Jocelyn Thomas,18,1.39,4,Junior,Marketing
Kamryn Miller,14,1.03,31,Senior,Early Childhood Education
Ethan Anderson,18,3.91,55,Sophomore,Criminal Justice
Landon Moore,14,2.66,30,Sophomore,Marketing
Steve Williams,14,4.49,35,Junior,Criminal Justice
Adam Moore,19,2.8,4,Senior,Engineering
Abby Brown,14,3.19,39,Sophomore,Engineering
Steve Moore,17,3.94,54,Victory Lap,Marketing
Aiden Martin,19,2.18,26,Victory Lap,Criminal Justice
Greyson Thomas,17,1.32,28,Victory Lap,Criminal Justice
Aiden Moore,18,4.03,47,Senior,Biomed
Sarah Moore,19,0.38,47,Freshman,Marketing
Sarah Lopez,19,0.75,2,Freshman,Business
Landon Lopez,19,3.29,8,Junior,Culinary
Aiden Anderson,17,3.69,56,Junior,Engineering
Ava Johnson,18,4.35,22,Junior,Marketing
Sarah Davis,14,4.14,2,Sophomore,Business
Ava Johnson,17,0.32,42,Freshman,Early College
Greyson Williams,17,3.87,36,Freshman,Early College
Sarah Garcia,15,0.59,1,Victory Lap,Culinary
Landon Miller,15,0.99,19,Senior,Criminal Justice
Eli Taylor,17,0.84,13,Freshman,Biomed
Aiden Moore,15,4.01,33,Senior,Early Childhood Education
Jacob Taylor,18,4.01,25,Freshman,Early College
Landon Smith,16,3.24,4,Freshman,Marketing
Emily Jones,17,1.2,49,Freshman,Business
Adam Taylor,17,2.94,43,Victory Lap,Early College
Jenna Brown,17,3.86,6,Freshman,Marketing
Jenna Moore,17,2.62,23,Victory Lap,Culinary
Abby Williams,15,3.84,42,Freshman,Early College
Ryleigh Williams,14,3.51,28,Victory Lap,Engineering
Jacob Martin,14,4.28,26,Victory Lap,Marketing
Ethan Davis,18,1.68,3,Sophomore,Computer Science
Sarah Garcia,19,2.52,10,Junior,Early Childhood Education
Landon Johnson,14,3.2,60,Freshman,Biomed
Jacob Smith,18,4.25,10,Junior,Marketing
Aiden Davis,17,0.96,27,Senior,Computer Science
Jenna Jones,15,3.25,3,Senior,Early College
Landon Thomas,15,2.17,53,Senior,Early College
Landon Johnson,14,1.62,4,Victory Lap,Culinary
Adam Jones,19,0.91,45,Junior,Marketing
Adam Miller,14,2.16,37,Sophomore,Criminal Justice
Kamryn Martin,14,1.32,30,Victory Lap,Criminal Justice
Emily Davis,18,4.1,15,Victory Lap,Biomed
Jacob Taylor,17,0.68,20,Sophomore,Early College
Jenna Miller,15,3.22,55,Senior,Engineering
Eli Brown,14,3.23,34,Junior,Business
Kamryn Martin,18,3.54,29,Victory Lap,Early Childhood Education
Aiden Martinez,17,0.43,33,Senior,Criminal Justice
John Lopez,19,2.45,3,Sophomore,Criminal Justice
Greyson Anderson,19,2.18,6,Senior,Engineering
Ethan Johnson,17,3.57,10,Sophomore,Early College
Greyson Moore,16,1.0,49,Sophomore,Marketing
Abby Martinez,15,2.19,49,Sophomore,Early College
Emily Garcia,15,0.36,40,Freshman,Business
Jacob Anderson,15,0.5,53,Junior,Criminal Justice
Aiden Lopez,16,2.64,2,Sophomore,Business
Ava Garcia,15,2.27,41,Junior,Criminal Justice
Landon Williams,14,3.8,4,Victory Lap,Business
Aiden Martinez,16,0.57,8,Victory Lap,Engineering
Kamryn Moore,19,2.69,13,Junior,Business
Greyson Garcia,19,4.46,59,Freshman,Culinary
Jacob Garcia,14,4.15,15,Junior,Early College
Eli Miller,16,0.68,11,Sophomore,Engineering
Emily Moore,16,1.43,15,Victory Lap,Criminal Justice
Eli Moore,18,3.34,2,Junior,Marketing
Ryleigh Miller,16,0.55,56,Victory Lap,Early College
Jenna Miller,16,3.24,34,Junior,Biomed
Jacob Johnson,17,0.64,51,Senior,Early Childhood Education
Steve Jones,19,1.49,7,Victory Lap,Criminal Justice
Sarah Martinez,18,2.37,45,Sophomore,Criminal Justice
Aiden Martinez,16,0.71,43,Sophomore,Criminal Justice
Kamryn Smith,19,2.33,56,Freshman,Engineering
Jocelyn Miller,18,3.47,22,Junior,Marketing
Jacob Miller,17,2.47,49,Senior,Early College
Kamryn Williams,15,4.19,29,Junior,Marketing
Landon Martin,17,1.97,49,Junior,Business
Greyson Brown,19,2.81,30,Victory Lap,Marketing
Eli Miller,16,1.22,56,Sophomore,Culinary
Ethan Williams,17,3.87,56,Junior,Early Childhood Education
Steve Moore,15,2.31,60,Junior,Criminal Justice
Abby Martin,18,0.88,28,Sophomore,Business
Aiden Smith,18,2.03,6,Sophomore,Criminal Justice
Adam Martinez,18,1.75,39,Victory Lap,Early College
Jenna Taylor,15,2.5,39,Senior,Early Childhood Education
Nick Brown,18,2.2,59,Victory Lap,Business
Eli Garcia,15,1.45,11,Freshman,Marketing
Adam Brown,14,4.1,30,Victory Lap,Biomed
Aiden Johnson,15,2.8,19,Freshman,Criminal Justice
Aiden Lopez,18,1.51,59,Junior,Biomed
Kamryn Lopez,19,3.41,35,Sophomore,Marketing
Ethan Jones,17,3.67,54,Sophomore,Culinary
Kamryn Lopez,17,3.58,11,Junior,Culinary
Jacob Smith,15,3.83,47,Victory Lap,Engineering
Jenna Martinez,16,2.04,29,Junior,Computer Science
Jocelyn Williams,16,4.05,40,Senior,Engineering
Ava Miller,19,3.32,45,Freshman,Biomed
John Davis,15,3.23,53,Victory Lap,Culinary
Sarah Anderson,14,0.66,30,Junior,Business
Emily Anderson,18,4.4,15,Freshman,Engineering
Kamryn Johnson,14,2.43,24,Sophomore,Culinary
Aiden Moore,19,0.94,3,Junior,Marketing
Abby Anderson,14,0.49,2,Senior,Early Childhood Education
Greyson Davis,16,2.66,35,Freshman,Biomed
Jenna Brown,14,1.56,46,Junior,Early College
Jenna Williams,16,2.64,17,Senior,Biomed
Emily Johnson,14,2.46,1,Senior,Early Childhood Education
Kamryn Miller,14,0.51,11,Sophomore,Computer Science
Sarah Williams,16,2.15,58,Junior,Criminal Justice
Aiden Martinez,16,4.37,11,Junior,Marketing
Jenna Williams,16,4.5,8,Junior,Biomed
Jacob Taylor,19,3.0,15,Sophomore,Marketing
Greyson Garcia,16,0.32,37,Sophomore,Business
Ava Thomas,16,2.07,42,Freshman,Computer Science
Ava Anderson,18,0.75,37,Senior,Early Childhood Education
Jenna Thomas,18,4.45,58,Senior,Computer Science
Ethan Lopez,16,1.28,34,Sophomore,Early College
Jacob Johnson,15,1.61,45,Senior,Business
Abby Miller,14,1.61,50,Victory Lap,Computer Science
John Moore,19,2.01,29,Junior,Biomed
Jacob Williams,14,1.66,20,Senior,Computer Science
Eli Martin,17,2.71,55,Junior,Engineering
Sarah Davis,15,3.24,16,Junior,Marketing
Eli Lopez,14,4.35,15,Sophomore,Early College
Ava Smith,16,3.27,13,Senior,Early College
Eli Taylor,17,3.0,53,Junior,Early College
Sarah Martin,16,3.97,14,Freshman,Culinary
Jacob Martin,15,4.15,44,Sophomore,Biomed
Eli Taylor,19,3.31,30,Victory Lap,Criminal Justice
Nick Garcia,15,1.63,34,Sophomore,Engineering
Abby Brown,17,2.32,48,Sophomore,Early College
Ethan Lopez,16,2.55,9,Victory Lap,Business
Steve Miller,18,0.3,58,Victory Lap,Engineering
Aiden Martin,17,1.33,5,Senior,Biomed
Nick Jones,15,1.3,31,Victory Lap,Engineering
Jacob Martinez,18,2.67,14,Freshman,Biomed
Landon Garcia,14,3.12,31,Victory Lap,Biomed
Landon Thomas,15,3.27,2,Victory Lap,Culinary
Jenna Johnson,17,1.78,28,Senior,Computer Science
Kamryn Brown,16,2.85,48,Junior,Marketing
Jocelyn Moore,17,3.05,44,Sophomore,Computer Science
Greyson Moore,16,2.4,22,Senior,Culinary
John Thomas,18,4.31,34,Junior,Biomed
Aiden Taylor,17,3.63,13,Freshman,Early Childhood Education
Kamryn Jones,16,1.89,38,Junior,Culinary
Ava Williams,14,1.31,58,Junior,Marketing
Emily Brown,16,1.61,2,Freshman,Culinary
